cycle_time_utc,valid_time_utc,forecast_hour,utc_token,wdr_code,wind_dir_deg,wsp_kt,gst_kt
2026-10-07T23:00:00Z,2026-10-08T00:00:00Z,1,00,9,90,7,9
2026-10-07T23:00:00Z,2026-10-08T01:00:00Z,2,01,9,90,7,9
2026-10-07T23:00:00Z,2026-10-08T02:00:00Z,3,02,7,70,8,10
2026-10-07T23:00:00Z,2026-10-08T03:00:00Z,4,03,6,60,9,11
2026-10-07T23:00:00Z,2026-10-08T04:00:00Z,5,04,5,50,11,13
2026-10-07T23:00:00Z,2026-10-08T05:00:00Z,6,05,5,50,11,13
2026-10-07T23:00:00Z,2026-10-08T06:00:00Z,7,06,5,50,12,14
2026-10-07T23:00:00Z,2026-10-08T07:00:00Z,8,07,5,50,13,15
2026-10-07T23:00:00Z,2026-10-08T08:00:00Z,9,08,6,60,13,15
2026-10-07T23:00:00Z,2026-10-08T09:00:00Z,10,09,6,60,13,16
2026-10-07T23:00:00Z,2026-10-08T10:00:00Z,11,10,6,60,14,17
2026-10-07T23:00:00Z,2026-10-08T11:00:00Z,12,11,5,50,15,17
2026-10-07T23:00:00Z,2026-10-08T12:00:00Z,13,12,5,50,15,18
2026-10-07T23:00:00Z,2026-10-08T13:00:00Z,14,13,5,50,16,20
2026-10-07T23:00:00Z,2026-10-08T14:00:00Z,15,14,5,50,17,21
2026-10-07T23:00:00Z,2026-10-08T15:00:00Z,16,15,5,50,16,21
2026-10-07T23:00:00Z,2026-10-08T16:00:00Z,17,16,5,50,16,22
2026-10-07T23:00:00Z,2026-10-08T17:00:00Z,18,17,6,60,16,23
2026-10-07T23:00:00Z,2026-10-08T18:00:00Z,19,18,6,60,16,23
2026-10-07T23:00:00Z,2026-10-08T19:00:00Z,20,19,7,70,17,27
2026-10-07T23:00:00Z,2026-10-08T20:00:00Z,21,20,7,70,18,27
2026-10-07T23:00:00Z,2026-10-08T21:00:00Z,22,21,7,70,17,24
2026-10-07T23:00:00Z,2026-10-08T22:00:00Z,23,22,7,70,17,24
2026-10-07T23:00:00Z,2026-10-08T23:00:00Z,24,23,7,70,15,22
2026-10-07T23:00:00Z,2026-10-09T00:00:00Z,25,00,7,70,13,19
