TIME,TIDE,OB,SURGE,BIAS,TWL,SURGE90p,TWL90p,SURGE10p,TWL10p
202606290600,0.238,0.478,0.200,0.040,0.478,0.200,0.478,0.200,0.478
202606290606,0.261,,,,,,,,
202606290612,0.284,0.518,,,,,,,
202606290618,0.307,,,,,,,,
202606290624,0.330,0.580,,,,,,,
202606290630,0.354,,,,,,,,
202606290636,0.378,0.639,,,,,,,
202606290642,0.402,,,,,,,,
202606290648,0.427,0.718,,,,,,,
202606290654,0.451,,,,,,,,
202606290700,0.476,0.751,0.200,0.075,0.751,0.200,0.751,0.200,0.751
202606290706,0.501,0.770,,,,,,,
202606290712,0.525,0.800,,,,,,,
202606290718,0.550,0.849,,,,,,,
202606290724,0.575,0.859,,,,,,,
202606290730,0.600,0.898,,,,,,,
202606290736,0.624,0.928,,,,,,,
202606290742,0.649,0.951,,,,,,,
202606290748,0.673,0.970,,,,,,,
202606290754,0.697,0.990,,,,,,,
202606290800,0.721,1.010,0.200,0.089,1.010,0.100,0.910,0.200,1.010
202606290806,0.745,1.049,,,,,,,
202606290812,0.769,1.079,,,,,,,
202606290818,0.792,1.098,,,,,,,
202606290824,0.815,1.108,,,,,,,
202606290830,0.838,1.128,,,,,,,
202606290836,0.860,1.138,,,,,,,
202606290842,0.882,1.170,,,,,,,
202606290848,0.904,1.210,,,,,,,
202606290854,0.925,1.220,,,,,,,
202606290900,0.946,1.239,0.100,0.193,1.239,0.100,1.239,0.200,1.339
202606290906,0.967,1.269,,,,,,,
202606290912,0.987,1.289,,,,,,,
202606290918,1.007,1.308,,,,,,,
202606290924,1.027,1.318,,,,,,,
202606290930,1.046,1.348,,,,,,,
202606290936,1.065,1.371,,,,,,,
202606290942,1.084,1.390,,,,,,,
202606290948,1.103,1.410,,,,,,,
202606290954,1.121,1.430,,,,,,,
202606291000,1.139,1.449,0.100,0.210,1.449,0.100,1.449,0.200,1.549
202606291006,1.156,1.479,,,,,,,
202606291012,1.174,1.498,,,,,,,
202606291018,1.191,1.518,,,,,,,
202606291024,1.208,1.528,,,,,,,
202606291030,1.225,1.548,,,,,,,
202606291036,1.241,1.580,,,,,,,
202606291042,1.258,1.600,,,,,,,
202606291048,1.274,1.610,,,,,,,
202606291054,1.290,1.620,,,,,,,
202606291100,1.306,1.649,0.100,0.243,1.649,0.100,1.649,0.100,1.649
202606291106,1.322,1.669,,,,,,,
202606291112,1.338,1.679,,,,,,,
202606291118,1.354,1.708,,,,,,,
202606291124,1.370,1.689,,,,,,,
202606291130,1.386,1.699,,,,,,,
202606291136,1.402,1.708,,,,,,,
202606291142,1.418,,,,,,,,
202606291148,1.435,1.748,,,,,,,
202606291154,1.451,1.748,,,,,,,
202606291200,1.467,1.758,0.300,-0.009,1.758,0.200,1.658,0.300,1.758
202606291206,1.484,1.767,,,,,,,
202606291212,1.500,1.781,,,,,,,
202606291218,1.517,1.790,,,,,,,
202606291224,1.534,1.810,,,,,,,
202606291230,1.551,1.830,,,,,,,
202606291236,1.569,1.849,,,,,,,
202606291242,1.586,1.869,,,,,,,
202606291248,1.604,1.879,,,,,,,
202606291254,1.623,1.879,,,,,,,
202606291300,1.641,1.889,0.300,-0.052,1.889,0.200,1.789,0.300,1.889
202606291306,1.660,1.918,,,,,,,
202606291312,1.678,1.938,,,,,,,
202606291318,1.698,1.938,,,,,,,
202606291324,1.717,1.967,,,,,,,
202606291330,1.736,2.000,,,,,,,
202606291336,1.756,1.990,,,,,,,
202606291342,1.776,2.020,,,,,,,
202606291348,1.796,2.030,,,,,,,
202606291354,1.816,2.040,,,,,,,
202606291400,1.836,2.059,0.200,0.023,2.059,0.200,2.059,0.200,2.059
202606291406,1.856,2.099,,,,,,,
202606291412,1.876,2.148,,,,,,,
202606291418,1.895,2.148,,,,,,,
202606291424,1.915,2.158,,,,,,,
202606291430,1.935,2.158,,,,,,,
202606291436,1.954,2.177,,,,,,,
202606291442,1.973,2.230,,,,,,,
202606291448,1.991,2.259,,,,,,,
202606291454,2.009,2.240,,,,,,,
202606291500,2.026,2.250,0.200,0.024,2.250,0.200,2.250,0.200,2.250
202606291506,2.043,2.279,,,,,,,
202606291512,2.059,2.309,,,,,,,
202606291518,2.074,2.318,,,,,,,
202606291524,2.089,2.338,,,,,,,
202606291530,2.102,2.328,,,,,,,
202606291536,2.115,2.328,,,,,,,
202606291542,2.126,2.348,,,,,,,
202606291548,2.137,2.368,,,,,,,
202606291554,2.146,2.377,,,,,,,
202606291600,2.154,2.377,0.200,0.023,2.377,0.200,2.377,0.200,2.377
202606291606,2.161,2.387,,,,,,,
202606291612,2.167,,,,,,,,
202606291618,2.172,,,,,,,,
202606291624,2.175,2.374,,,,,,,
202606291630,2.177,,,,,,,,
202606291636,2.177,2.410,,,,,,,
202606291642,2.176,2.420,,,,,,,
202606291648,2.174,2.410,,,,,,,
202606291654,2.171,2.400,,,,,,,
202606291700,2.166,2.377,0.200,0.011,2.377,0.200,2.377,0.200,2.377
202606291706,2.160,2.358,,,,,,,
202606291712,2.152,2.358,,,,,,,
202606291718,2.144,2.358,,,,,,,
202606291724,2.134,2.338,,,,,,,
202606291730,2.123,2.328,,,,,,,
202606291736,2.110,2.309,,,,,,,
202606291742,2.097,2.299,,,,,,,
202606291748,2.082,2.289,,,,,,,
202606291754,2.067,2.086,,,,,,,
202606291800,2.050,2.230,0.300,-0.120,2.230,0.300,2.230,0.300,2.230
202606291806,2.033,2.210,,,,,,,
202606291812,2.015,2.177,,,,,,,
202606291818,1.995,2.148,,,,,,,
202606291824,1.976,2.118,,,,,,,
202606291830,1.955,2.089,,,,,,,
202606291836,1.934,2.069,,,,,,,
202606291842,1.911,2.040,,,,,,,
202606291848,1.889,2.000,,,,,,,
202606291854,1.866,1.981,,,,,,,
202606291900,1.842,1.938,0.300,-0.204,1.938,0.300,1.938,0.400,2.038
202606291906,1.818,1.908,,,,,,,
202606291912,1.793,1.859,,,,,,,
202606291918,1.768,1.830,,,,,,,
202606291924,1.743,1.800,,,,,,,
202606291930,1.717,1.781,,,,,,,
202606291936,1.691,1.748,,,,,,,
202606291942,1.664,1.708,,,,,,,
202606291948,1.637,1.679,,,,,,,
202606291954,1.610,1.639,,,,,,,
202606292000,1.583,1.600,0.400,-0.383,1.600,0.300,1.500,0.400,1.600
202606292006,1.556,1.571,,,,,,,
202606292012,1.528,1.528,,,,,,,
202606292018,1.500,1.489,,,,,,,
202606292024,1.472,1.449,,,,,,,
202606292030,1.443,1.420,,,,,,,
202606292036,1.415,1.390,,,,,,,
202606292042,1.386,1.361,,,,,,,
202606292048,1.357,1.318,,,,,,,
202606292054,1.328,1.279,,,,,,,
202606292100,1.299,1.239,0.400,-0.460,1.239,0.400,1.239,0.400,1.239
202606292106,1.269,1.200,,,,,,,
202606292112,1.240,1.180,,,,,,,
202606292118,1.210,1.151,,,,,,,
202606292124,1.180,1.108,,,,,,,
202606292130,1.150,1.069,,,,,,,
202606292136,1.120,1.049,,,,,,,
202606292142,1.090,1.010,,,,,,,
202606292148,1.060,0.990,,,,,,,
202606292154,1.029,,,,,,,,
202606292200,0.999,,0.400,,1.399,0.400,1.399,0.400,1.399
202606292206,0.968,,,,,,,,
202606292212,0.937,,,,,,,,
202606292218,0.906,,,,,,,,
202606292224,0.875,0.633,,,,,,,
202606292230,0.844,,,,,,,,
202606292236,0.813,,,,,,,,
202606292242,0.782,,,,,,,,
202606292248,0.751,,,,,,,,
202606292254,0.720,0.498,,,,,,,
202606292300,0.689,0.629,0.400,-0.460,0.629,0.400,0.629,0.400,0.629
202606292306,0.658,0.610,,,,,,,
202606292312,0.627,0.590,,,,,,,
202606292318,0.596,0.560,,,,,,,
202606292324,0.565,0.354,,,,,,,
202606292330,0.534,0.498,,,,,,,
202606292336,0.503,0.459,,,,,,,
202606292342,0.472,0.439,,,,,,,
202606292348,0.442,0.400,,,,,,,
202606292354,0.411,0.380,,,,,,,
202606300000,0.381,0.350,0.300,-0.331,0.350,0.200,0.250,0.300,0.350
202606300006,0.352,0.321,,,,,,,
202606300012,0.322,0.288,,,,,,,
202606300018,0.293,0.268,,,,,,,
202606300024,0.264,,,,,,,,
202606300030,0.236,0.200,,,,,,,
202606300036,0.208,0.190,,,,,,,
202606300042,0.181,0.170,,,,,,,
202606300048,0.154,0.150,,,,,,,
202606300054,0.128,0.016,,,,,,,
202606300100,0.103,0.141,0.300,-0.262,0.141,0.300,0.141,0.300,0.141
202606300106,0.078,0.098,,,,,,,
202606300112,0.055,0.068,,,,,,,
202606300118,0.032,0.059,,,,,,,
202606300124,0.009,0.019,,,,,,,
202606300130,-0.011,0.019,,,,,,,
202606300136,-0.031,-0.029,,,,,,,
202606300142,-0.050,-0.049,,,,,,,
202606300148,-0.069,-0.059,,,,,,,
202606300154,-0.086,-0.114,,,,,,,
202606300200,-0.102,-0.098,0.300,-0.296,-0.098,0.300,-0.098,0.300,-0.098
202606300206,-0.117,-0.088,,,,,,,
202606300212,-0.131,-0.098,,,,,,,
202606300218,-0.143,-0.098,,,,,,,
202606300224,-0.155,-0.111,,,,,,,
202606300230,-0.165,-0.121,,,,,,,
202606300236,-0.174,-0.131,,,,,,,
202606300242,-0.182,-0.141,,,,,,,
202606300248,-0.188,-0.141,,,,,,,
202606300254,-0.194,-0.141,,,,,,,
202606300300,-0.198,-0.150,0.300,-0.252,-0.150,0.300,-0.150,0.300,-0.150
202606300306,-0.201,-0.160,,,,,,,
202606300312,-0.203,-0.150,,,,,,,
202606300318,-0.203,-0.150,,,,,,,
202606300324,-0.203,-0.150,,,,,,,
202606300330,-0.202,-0.141,,,,,,,
202606300336,-0.199,-0.141,,,,,,,
202606300342,-0.196,-0.141,,,,,,,
202606300348,-0.191,-0.131,,,,,,,
202606300354,-0.186,-0.131,,,,,,,
202606300400,-0.179,-0.121,0.300,-0.242,-0.121,0.300,-0.121,0.300,-0.121
202606300406,-0.172,-0.098,,,,,,,
202606300412,-0.164,-0.088,,,,,,,
202606300418,-0.155,-0.078,,,,,,,
202606300424,-0.146,-0.068,,,,,,,
202606300430,-0.135,-0.059,,,,,,,
202606300436,-0.124,-0.029,,,,,,,
202606300442,-0.112,-0.009,,,,,,,
202606300448,-0.100,0.009,,,,,,,
202606300454,-0.087,0.029,,,,,,,
202606300500,-0.073,0.039,0.300,-0.188,0.039,0.300,0.039,0.300,0.039
202606300506,-0.059,0.059,,,,,,,
202606300512,-0.044,0.078,,,,,,,
202606300518,-0.029,0.098,,,,,,,
202606300524,-0.013,0.131,,,,,,,
202606300530,0.003,0.150,,,,,,,
202606300536,0.019,0.180,,,,,,,
202606300542,0.037,0.190,,,,,,,
202606300548,0.055,0.219,,,,,,,
202606300554,0.073,0.239,,,,,,,
202606300600,0.092,0.268,0.100,0.076,0.268,0.100,0.268,0.100,0.268
202606300606,0.111,0.278,,,,,,,
202606300612,0.131,0.288,,,,,,,
202606300618,0.151,0.331,,,,,,,
202606300624,0.171,0.360,,,,,,,
202606300630,0.192,0.380,,,,,,,
202606300636,0.214,0.400,,,,,,,
202606300642,0.235,0.429,,,,,,,
202606300648,0.257,0.469,,,,,,,
202606300654,0.280,0.508,,,,,,,
202606300700,0.303,0.541,0.100,0.138,0.541,0.100,0.541,0.100,0.541
202606300706,0.326,0.560,,,,,,,
202606300712,0.349,0.590,,,,,,,
202606300718,0.373,0.619,,,,,,,
202606300724,0.397,0.649,,,,,,,
202606300730,0.421,0.669,,,,,,,
202606300736,0.445,0.669,,,,,,,
202606300742,0.469,0.688,,,,,,,
202606300748,0.494,0.718,,,,,,,
202606300754,0.518,0.760,,,,,,,
202606300800,0.543,0.800,0.100,0.157,0.800,0.100,0.800,0.100,0.800
202606300806,0.568,0.819,,,,,,,
202606300812,0.592,0.839,,,,,,,
202606300818,0.617,0.869,,,,,,,
202606300824,0.641,0.888,,,,,,,
202606300830,0.666,0.898,,,,,,,
202606300836,0.690,0.898,,,,,,,
202606300842,0.714,0.918,,,,,,,
202606300848,0.738,0.941,,,,,,,
202606300854,0.761,0.961,,,,,,,
202606300900,0.785,0.990,0.100,0.105,0.990,0.100,0.990,0.100,0.990
202606300906,0.808,1.000,,,,,,,
202606300912,0.830,1.020,,,,,,,
202606300918,0.853,1.020,,,,,,,
202606300924,0.875,1.029,,,,,,,
202606300930,0.896,1.049,,,,,,,
202606300936,0.917,1.049,,,,,,,
202606300942,0.938,1.069,,,,,,,
202606300948,0.959,1.098,,,,,,,
202606300954,0.979,1.138,,,,,,,
202606301000,0.999,1.151,0.100,0.052,1.151,0.100,1.151,0.100,1.151
202606301006,1.018,1.161,,,,,,,
202606301012,1.037,1.170,,,,,,,
202606301018,1.055,1.180,,,,,,,
202606301024,1.074,1.210,,,,,,,
202606301030,1.092,1.239,,,,,,,
202606301036,1.109,1.239,,,,,,,
202606301042,1.127,1.239,,,,,,,
202606301048,1.144,1.269,,,,,,,
202606301054,1.160,1.289,,,,,,,
202606301100,1.177,1.308,0.100,0.031,1.308,0.100,1.308,0.100,1.308
202606301106,1.193,1.338,,,,,,,
202606301112,1.209,1.348,,,,,,,
202606301118,1.225,1.371,,,,,,,
202606301124,1.241,1.400,,,,,,,
202606301130,1.257,1.420,,,,,,,
202606301136,1.273,1.430,,,,,,,
202606301142,1.288,1.430,,,,,,,
202606301148,1.304,1.449,,,,,,,
202606301154,1.319,1.459,,,,,,,
202606301200,1.335,1.479,0.100,0.044,1.479,0.100,1.479,0.100,1.479
202606301206,1.351,1.498,,,,,,,
202606301212,1.366,1.518,,,,,,,
202606301218,1.382,1.548,,,,,,,
202606301224,1.398,1.571,,,,,,,
202606301230,1.414,1.600,,,,,,,
202606301236,1.430,1.610,,,,,,,
202606301242,1.447,1.639,,,,,,,
202606301248,1.463,1.659,,,,,,,
202606301254,1.480,1.689,,,,,,,
202606301300,1.497,1.699,0.100,0.102,1.699,0.100,1.699,0.100,1.699
202606301306,1.515,1.718,,,,,,,
202606301312,1.532,1.738,,,,,,,
202606301318,1.550,1.758,,,,,,,
202606301324,1.569,1.790,,,,,,,
202606301330,1.587,1.790,,,,,,,
202606301336,1.606,1.820,,,,,,,
202606301342,1.625,1.810,,,,,,,
202606301348,1.645,1.849,,,,,,,
202606301354,1.665,1.859,,,,,,,
202606301400,1.685,1.889,0.100,0.104,1.889,0.100,1.889,0.100,1.889
202606301406,1.705,1.908,,,,,,,
202606301412,1.726,1.918,,,,,,,
202606301418,1.747,1.938,,,,,,,
202606301424,1.768,1.958,,,,,,,
202606301430,1.789,1.981,,,,,,,
202606301436,1.811,2.000,,,,,,,
202606301442,1.832,2.020,,,,,,,
202606301448,1.853,2.049,,,,,,,
202606301454,1.875,2.069,,,,,,,
202606301500,1.896,2.099,0.100,0.103,2.099,0.100,2.099,0.100,2.099
202606301506,1.917,2.109,,,,,,,
202606301512,1.938,,,,,,,,
202606301518,1.959,,,,,,,,
202606301524,1.979,2.299,,,,,,,
202606301530,1.999,2.210,,,,,,,
202606301536,2.018,2.210,,,,,,,
202606301542,2.037,2.240,,,,,,,
202606301548,2.055,2.259,,,,,,,
202606301554,2.073,2.299,,,,,,,
202606301600,2.090,2.299,0.100,0.109,2.299,0.100,2.299,0.100,2.299
202606301606,2.105,2.318,,,,,,,
202606301612,2.120,,,,,,,,
202606301618,2.134,2.318,,,,,,,
202606301624,2.147,2.348,,,,,,,
202606301630,2.159,2.358,,,,,,,
202606301636,2.169,2.368,,,,,,,
202606301642,2.179,2.368,,,,,,,
202606301648,2.187,2.387,,,,,,,
202606301654,2.193,2.427,,,,,,,
202606301700,2.199,2.427,0.100,0.128,2.427,0.100,2.427,0.100,2.427
202606301706,2.203,,,,,,,,
202606301712,2.205,,,,,,,,
202606301718,2.206,,,,,,,,
202606301724,2.206,2.420,,,,,,,
202606301730,2.204,2.430,,,,,,,
202606301736,2.201,2.440,,,,,,,
202606301742,2.197,2.440,,,,,,,
202606301748,2.191,2.420,,,,,,,
202606301754,2.184,,,,,,,,
202606301800,2.175,,0.300,,2.475,0.300,2.475,0.300,2.475
202606301806,2.165,,,,,,,,
202606301812,2.154,,,,,,,,
202606301818,2.141,,,,,,,,
202606301824,2.128,2.210,,,,,,,
202606301830,2.113,,,,,,,,
202606301836,2.097,,,,,,,,
202606301842,2.080,,,,,,,,
202606301848,2.062,,,,,,,,
202606301854,2.044,2.240,,,,,,,
202606301900,2.024,2.210,0.300,-0.114,2.210,0.300,2.210,0.300,2.210
202606301906,2.003,2.191,,,,,,,
202606301912,1.982,2.158,,,,,,,
202606301918,1.960,2.128,,,,,,,
202606301924,1.937,2.089,,,,,,,
202606301930,1.913,2.040,,,,,,,
202606301936,1.889,2.040,,,,,,,
202606301942,1.865,2.020,,,,,,,
202606301948,1.840,2.010,,,,,,,
202606301954,1.814,1.967,,,,,,,
202606302000,1.788,1.958,0.300,-0.130,1.958,0.300,1.958,0.300,1.958
202606302006,1.762,1.918,,,,,,,
202606302012,1.735,1.899,,,,,,,
202606302018,1.708,1.869,,,,,,,
202606302024,1.680,1.830,,,,,,,
202606302030,1.652,1.810,,,,,,,
202606302036,1.624,1.767,,,,,,,
202606302042,1.596,1.738,,,,,,,
202606302048,1.567,1.718,,,,,,,
202606302054,1.538,1.669,,,,,,,
202606302100,1.509,1.639,0.300,-0.170,1.639,0.300,1.639,0.300,1.639
202606302106,1.479,1.620,,,,,,,
202606302112,1.449,1.590,,,,,,,
202606302118,1.419,1.548,,,,,,,
202606302124,1.389,1.548,,,,,,,
202606302130,1.359,1.528,,,,,,,
202606302136,1.328,1.498,,,,,,,
202606302142,1.298,1.469,,,,,,,
202606302148,1.267,1.420,,,,,,,
202606302154,1.236,1.361,,,,,,,
202606302200,1.204,1.308,0.300,-0.196,1.308,0.300,1.308,0.300,1.308
202606302206,1.173,1.269,,,,,,,
202606302212,1.141,1.239,,,,,,,
202606302218,1.110,1.200,,,,,,,
202606302224,1.078,1.151,,,,,,,
202606302230,1.046,1.118,,,,,,,
202606302236,1.014,1.088,,,,,,,
202606302242,0.981,1.049,,,,,,,
202606302248,0.949,1.020,,,,,,,
202606302254,0.917,0.980,,,,,,,
202606302300,0.884,0.961,0.300,-0.223,0.961,0.300,0.961,0.300,0.961
202606302306,0.852,,,,,,,,
202606302312,0.820,,,,,,,,
202606302318,0.787,,,,,,,,
202606302324,0.755,0.662,,,,,,,
202606302330,0.722,0.800,,,,,,,
202606302336,0.690,0.770,,,,,,,
202606302342,0.658,0.741,,,,,,,
202606302348,0.626,0.708,,,,,,,
202606302354,0.594,0.678,,,,,,,
202607010000,0.562,0.659,0.300,-0.203,0.659,0.300,0.659,0.400,0.759
202607010006,0.531,0.629,,,,,,,
202607010012,0.500,0.619,,,,,,,
202607010018,0.469,0.600,,,,,,,
202607010024,0.438,0.560,,,,,,,
202607010030,0.407,0.551,,,,,,,
202607010036,0.377,0.541,,,,,,,
202607010042,0.348,0.518,,,,,,,
202607010048,0.318,0.469,,,,,,,
202607010054,0.290,0.449,,,,,,,
202607010100,0.261,0.400,0.300,-0.161,0.400,0.300,0.400,0.400,0.500
202607010106,0.234,0.380,,,,,,,
202607010112,0.206,0.380,,,,,,,
202607010118,0.180,0.360,,,,,,,
202607010124,0.154,0.341,,,,,,,
202607010130,0.129,0.321,,,,,,,
202607010136,0.104,0.278,,,,,,,
202607010142,0.081,0.268,,,,,,,
202607010148,0.058,0.249,,,,,,,
202607010154,0.036,0.180,,,,,,,
202607010200,0.015,0.209,0.400,-0.206,0.209,0.300,0.109,0.400,0.209
202607010206,-0.004,0.150,,,,,,,
202607010212,-0.023,0.088,,,,,,,
202607010218,-0.042,0.059,,,,,,,
202607010224,-0.059,0.039,,,,,,,
202607010230,-0.075,0.000,,,,,,,
202607010236,-0.090,-0.009,,,,,,,
202607010242,-0.104,0.009,,,,,,,
202607010248,-0.116,0.019,,,,,,,
202607010254,-0.128,0.059,,,,,,,
202607010300,-0.139,0.068,0.400,-0.193,0.068,0.400,0.068,0.400,0.068
202607010306,-0.148,0.068,,,,,,,
202607010312,-0.156,0.078,,,,,,,
202607010318,-0.163,0.111,,,,,,,
202607010324,-0.169,0.141,,,,,,,
202607010330,-0.174,0.160,,,,,,,
202607010336,-0.177,0.150,,,,,,,
202607010342,-0.180,0.131,,,,,,,
202607010348,-0.181,0.131,,,,,,,
202607010354,-0.181,0.141,,,,,,,
202607010400,-0.181,0.160,0.400,-0.059,0.160,0.400,0.160,0.400,0.160
202607010406,-0.179,0.180,,,,,,,
202607010412,-0.176,0.200,,,,,,,
202607010418,-0.172,0.190,,,,,,,
202607010424,-0.168,0.219,,,,,,,
202607010430,-0.162,0.229,,,,,,,
202607010436,-0.156,0.239,,,,,,,
202607010442,-0.149,0.219,,,,,,,
202607010448,-0.141,0.239,,,,,,,
202607010454,-0.132,0.259,,,,,,,
202607010500,-0.123,0.259,0.400,-0.018,0.259,0.400,0.259,0.400,0.259
202607010506,-0.113,0.259,,,,,,,
202607010512,-0.102,0.268,,,,,,,
202607010518,-0.091,0.249,,,,,,,
202607010524,-0.079,0.239,,,,,,,
202607010530,-0.066,0.229,,,,,,,
202607010536,-0.053,0.268,,,,,,,
202607010542,-0.039,0.298,,,,,,,
202607010548,-0.025,0.331,,,,,,,
202607010554,-0.011,0.350,,,,,,,
202607010600,0.003,0.341,0.300,0.038,0.341,0.300,0.341,0.300,0.341
202607010606,0.019,0.360,,,,,,,
202607010612,0.035,0.341,,,,,,,
202607010618,0.051,0.360,,,,,,,
202607010624,0.068,0.390,,,,,,,
202607010630,0.086,0.390,,,,,,,
202607010636,0.104,0.419,,,,,,,
202607010642,0.122,0.439,,,,,,,
202607010648,0.141,0.439,,,,,,,
202607010654,0.160,0.449,,,,,,,
202607010700,0.179,0.439,0.300,-0.040,0.439,0.300,0.439,0.300,0.439
202607010706,0.199,0.429,,,,,,,
202607010712,0.220,0.429,,,,,,,
202607010718,0.240,0.459,,,,,,,
202607010724,0.262,0.478,,,,,,,
202607010730,0.283,0.478,,,,,,,
202607010736,0.305,0.518,,,,,,,
202607010742,0.327,0.551,,,,,,,
202607010748,0.350,0.580,,,,,,,
202607010754,0.373,0.580,,,,,,,
202607010800,0.396,0.590,0.300,-0.106,0.590,0.300,0.590,0.300,0.590
202607010806,0.420,0.629,,,,,,,
202607010812,0.443,0.649,,,,,,,
202607010818,0.467,0.678,,,,,,,
202607010824,0.491,0.718,,,,,,,
202607010830,0.515,0.751,,,,,,,
202607010836,0.540,0.800,,,,,,,
202607010842,0.564,0.849,,,,,,,
202607010848,0.588,0.898,,,,,,,
202607010854,0.613,0.918,,,,,,,
202607010900,0.637,1.000,0.300,0.063,1.000,0.300,1.000,0.300,1.000
202607010906,0.661,1.049,,,,,,,
202607010912,0.685,1.079,,,,,,,
202607010918,0.709,1.098,,,,,,,
202607010924,0.733,1.180,,,,,,,
202607010930,0.756,1.229,,,,,,,
202607010936,0.779,1.279,,,,,,,
202607010942,0.802,1.318,,,,,,,
202607010948,0.824,1.380,,,,,,,
202607010954,0.846,1.430,,,,,,,
202607011000,0.868,1.439,0.300,0.271,1.439,0.300,1.439,0.300,1.439
202607011006,0.889,1.469,,,,,,,
202607011012,0.910,1.489,,,,,,,
202607011018,0.930,1.508,,,,,,,
202607011024,0.950,1.557,,,,,,,
202607011030,0.970,1.600,,,,,,,
202607011036,0.989,1.630,,,,,,,
202607011042,1.008,1.649,,,,,,,
202607011048,1.026,1.669,,,,,,,
202607011054,1.044,1.679,,,,,,,
202607011100,1.061,1.679,0.300,0.318,1.679,0.300,1.679,0.400,1.779
202607011106,1.078,1.708,,,,,,,
202607011112,1.095,1.699,,,,,,,
202607011118,1.111,1.699,,,,,,,
202607011124,1.128,1.679,,,,,,,
202607011130,1.143,1.669,,,,,,,
202607011136,1.159,1.669,,,,,,,
202607011142,1.174,1.659,,,,,,,
202607011148,1.189,1.649,,,,,,,
202607011154,1.204,1.630,,,,,,,
202607011200,1.219,1.630,0.300,0.111,1.630,0.300,1.630,0.300,1.630
202607011206,1.234,1.610,,,,,,,
202607011212,1.249,1.610,,,,,,,
202607011218,1.263,1.600,,,,,,,
202607011224,1.278,1.571,,,,,,,
202607011230,1.293,1.571,,,,,,,
202607011236,1.307,1.590,,,,,,,
202607011242,1.322,1.580,,,,,,,
202607011248,1.337,1.580,,,,,,,
202607011254,1.353,1.600,,,,,,,
202607011300,1.368,1.590,0.300,-0.078,1.590,0.300,1.590,0.300,1.590
202607011306,1.383,1.600,,,,,,,
202607011312,1.399,1.610,,,,,,,
202607011318,1.415,1.630,,,,,,,
202607011324,1.432,1.669,,,,,,,
202607011330,1.448,1.699,,,,,,,
202607011336,1.465,1.718,,,,,,,
202607011342,1.483,1.738,,,,,,,
202607011348,1.500,1.767,,,,,,,
202607011354,1.518,1.810,,,,,,,
202607011400,1.537,1.840,0.300,0.003,1.840,0.300,1.840,0.300,1.840
202607011406,1.555,1.869,,,,,,,
202607011412,1.575,1.918,,,,,,,
202607011418,1.594,1.958,,,,,,,
202607011424,1.614,2.000,,,,,,,
202607011430,1.634,2.010,,,,,,,
202607011436,1.654,2.020,,,,,,,
202607011442,1.675,2.059,,,,,,,
202607011448,1.696,2.109,,,,,,,
202607011454,1.717,2.128,,,,,,,
202607011500,1.738,2.168,0.300,0.130,2.168,0.300,2.168,0.300,2.168
202607011506,1.760,2.191,,,,,,,
202607011512,1.782,2.210,,,,,,,
202607011518,1.803,2.240,,,,,,,
202607011524,1.825,2.279,,,,,,,
202607011530,1.847,2.289,,,,,,,
202607011536,1.869,2.299,,,,,,,
202607011542,1.890,2.328,,,,,,,
202607011548,1.912,2.338,,,,,,,
202607011554,1.933,2.358,,,,,,,
202607011600,1.953,2.400,0.300,0.147,2.400,0.300,2.400,0.400,2.500
202607011606,1.974,2.420,,,,,,,
202607011612,1.994,2.430,,,,,,,
202607011618,2.013,2.440,,,,,,,
202607011624,2.032,2.450,,,,,,,
202607011630,2.050,2.469,,,,,,,
202607011636,2.067,2.489,,,,,,,
202607011642,2.083,2.489,,,,,,,
202607011648,2.099,2.499,,,,,,,
202607011654,2.113,2.519,,,,,,,
202607011700,2.127,2.519,0.400,-0.008,2.519,0.300,2.419,0.400,2.519
202607011706,2.139,2.509,,,,,,,
202607011712,2.150,2.528,,,,,,,
202607011718,2.161,2.538,,,,,,,
202607011724,2.169,2.548,,,,,,,
202607011730,2.177,2.548,,,,,,,
202607011736,2.183,,,,,,,,
202607011742,2.188,,,,,,,,
202607011748,2.191,,,,,,,,
202607011754,2.193,2.548,,,,,,,
202607011800,2.194,2.568,0.400,-0.026,2.568,0.400,2.568,0.400,2.568
202607011806,2.193,2.568,,,,,,,
202607011812,2.190,2.558,,,,,,,
202607011818,2.187,2.548,,,,,,,
202607011824,2.182,2.548,,,,,,,
202607011830,2.175,2.558,,,,,,,
202607011836,2.167,2.548,,,,,,,
202607011842,2.158,2.538,,,,,,,
202607011848,2.148,2.528,,,,,,,
202607011854,2.136,2.519,,,,,,,
202607011900,2.123,2.509,0.400,-0.014,2.509,0.400,2.509,0.400,2.509
202607011906,2.109,2.519,,,,,,,
202607011912,2.094,2.509,,,,,,,
202607011918,2.077,2.479,,,,,,,
202607011924,2.060,2.479,,,,,,,
202607011930,2.041,2.479,,,,,,,
202607011936,2.022,2.479,,,,,,,
202607011942,2.002,2.479,,,,,,,
202607011948,1.981,2.469,,,,,,,
202607011954,1.959,2.450,,,,,,,
202607012000,1.937,2.420,0.400,0.083,2.420,0.400,2.420,0.500,2.520
202607012006,1.914,2.420,,,,,,,
202607012012,1.890,2.420,,,,,,,
202607012018,1.865,2.410,,,,,,,
202607012024,1.840,2.377,,,,,,,
202607012030,1.815,2.358,,,,,,,
202607012036,1.789,2.368,,,,,,,
202607012042,1.763,2.368,,,,,,,
202607012048,1.736,2.348,,,,,,,
202607012054,1.708,2.299,,,,,,,
202607012100,1.681,2.309,0.500,0.128,2.309,0.400,2.209,0.500,2.309
202607012106,1.653,2.309,,,,,,,
202607012112,1.624,2.269,,,,,,,
202607012118,1.596,2.250,,,,,,,
202607012124,1.567,2.230,,,,,,,
202607012130,1.537,2.210,,,,,,,
202607012136,1.508,2.191,,,,,,,
202607012142,1.478,2.158,,,,,,,
202607012148,1.447,2.128,,,,,,,
202607012154,1.417,2.099,,,,,,,
202607012200,1.386,2.079,0.500,0.193,2.079,0.500,2.079,0.500,2.079
202607012206,1.355,2.040,,,,,,,
202607012212,1.324,2.030,,,,,,,
202607012218,1.292,2.000,,,,,,,
202607012224,1.260,1.967,,,,,,,
202607012230,1.228,1.938,,,,,,,
202607012236,1.196,1.899,,,,,,,
202607012242,1.164,1.879,,,,,,,
202607012248,1.131,1.859,,,,,,,
202607012254,1.099,1.820,,,,,,,
202607012300,1.066,1.790,0.500,0.224,1.790,0.500,1.790,0.600,1.890
202607012306,1.033,1.748,,,,,,,
202607012312,1.000,1.728,,,,,,,
202607012318,0.966,1.708,,,,,,,
202607012324,0.933,1.679,,,,,,,
202607012330,0.900,1.659,,,,,,,
202607012336,0.867,1.639,,,,,,,
202607012342,0.834,1.620,,,,,,,
202607012348,0.801,1.571,,,,,,,
202607012354,0.768,1.528,,,,,,,
202607020000,0.735,1.528,0.500,0.293,1.528,0.400,1.428,0.500,1.528
202607020006,0.702,1.518,,,,,,,
202607020012,0.670,1.489,,,,,,,
202607020018,0.637,1.449,,,,,,,
202607020024,0.605,1.439,,,,,,,
202607020030,0.574,1.410,,,,,,,
202607020036,0.542,1.380,,,,,,,
202607020042,0.511,1.338,,,,,,,
202607020048,0.481,1.328,,,,,,,
202607020054,0.451,1.318,,,,,,,
202607020100,0.421,1.269,0.500,0.348,1.269,0.400,1.169,0.500,1.269
202607020106,0.392,1.259,,,,,,,
202607020112,0.363,1.229,,,,,,,
202607020118,0.335,1.210,,,,,,,
202607020124,0.307,1.180,,,,,,,
202607020130,0.281,1.161,,,,,,,
202607020136,0.254,1.128,,,,,,,
202607020142,0.229,1.098,,,,,,,
202607020148,0.204,1.079,,,,,,,
202607020154,0.180,1.059,,,,,,,
202607020200,0.156,1.039,0.500,0.383,1.039,0.400,0.939,0.500,1.039
202607020206,0.134,1.010,,,,,,,
202607020212,0.112,0.980,,,,,,,
202607020218,0.091,0.951,,,,,,,
202607020224,0.071,0.928,,,,,,,
202607020230,0.052,0.908,,,,,,,
202607020236,0.034,0.888,,,,,,,
202607020242,0.017,0.869,,,,,,,
202607020248,0.001,0.829,,,,,,,
202607020254,-0.013,0.819,,,,,,,
202607020300,-0.028,0.800,0.500,0.328,0.800,0.400,0.700,0.500,0.800
202607020306,-0.041,0.790,,,,,,,
202607020312,-0.053,0.770,,,,,,,
202607020318,-0.064,0.751,,,,,,,
202607020324,-0.074,0.731,,,,,,,
202607020330,-0.083,0.708,,,,,,,
202607020336,-0.091,0.698,,,,,,,
202607020342,-0.098,0.688,,,,,,,
202607020348,-0.104,0.678,,,,,,,
202607020354,-0.109,0.669,,,,,,,
202607020400,-0.113,0.649,0.500,0.262,0.649,0.400,0.549,0.500,0.649
202607020406,-0.116,0.649,,,,,,,
202607020412,-0.118,0.639,,,,,,,
202607020418,-0.118,0.629,,,,,,,
202607020424,-0.118,0.619,,,,,,,
202607020430,-0.117,0.610,,,,,,,
202607020436,-0.115,0.610,,,,,,,
202607020442,-0.112,0.590,,,,,,,
202607020448,-0.109,0.580,,,,,,,
202607020454,-0.104,0.560,,,,,,,
202607020500,-0.099,0.551,0.400,0.250,0.551,0.400,0.551,0.500,0.651
202607020506,-0.093,0.541,,,,,,,
202607020512,-0.086,0.531,,,,,,,
202607020518,-0.078,0.508,,,,,,,
202607020524,-0.070,0.478,,,,,,,
202607020530,-0.061,0.478,,,,,,,
202607020536,-0.052,0.459,,,,,,,
202607020542,-0.042,0.449,,,,,,,
202607020548,-0.031,0.429,,,,,,,
202607020554,-0.020,0.429,,,,,,,
202607020600,-0.008,0.439,0.500,-0.053,0.439,0.400,0.339,0.500,0.439
202607020606,0.003,0.409,,,,,,,
202607020612,0.016,0.429,,,,,,,
202607020618,0.029,0.429,,,,,,,
202607020624,0.042,0.419,,,,,,,
202607020630,0.056,0.409,,,,,,,
202607020636,0.071,0.419,,,,,,,
202607020642,0.085,0.429,,,,,,,
202607020648,0.101,0.419,,,,,,,
202607020654,0.116,0.439,,,,,,,
202607020700,0.132,0.449,0.500,-0.183,0.449,0.400,0.349,0.500,0.449
202607020706,0.149,0.459,,,,,,,
202607020712,0.166,0.469,,,,,,,
202607020718,0.183,0.488,,,,,,,
202607020724,0.201,0.518,,,,,,,
202607020730,0.219,0.518,,,,,,,
202607020736,0.237,0.531,,,,,,,
202607020742,0.256,0.570,,,,,,,
202607020748,0.275,0.610,,,,,,,
202607020754,0.295,0.619,,,,,,,
202607020800,0.315,0.649,0.400,-0.066,0.649,0.400,0.649,0.500,0.749
202607020806,0.336,0.659,,,,,,,
202607020812,0.356,0.698,,,,,,,
202607020818,0.378,0.741,,,,,,,
202607020824,0.399,0.770,,,,,,,
202607020830,0.421,0.829,,,,,,,
202607020836,0.443,0.839,,,,,,,
202607020842,0.465,0.879,,,,,,,
202607020848,0.488,0.928,,,,,,,
202607020854,0.511,0.951,,,,,,,
202607020900,0.534,1.010,0.400,0.076,1.010,0.400,1.010,0.500,1.110
202607020906,0.557,1.039,,,,,,,
202607020912,0.580,1.088,,,,,,,
202607020918,0.603,1.108,,,,,,,
202607020924,0.627,1.151,,,,,,,
202607020930,0.650,1.190,,,,,,,
202607020936,0.673,1.229,,,,,,,
202607020942,0.696,1.259,,,,,,,
202607020948,0.719,1.308,,,,,,,
202607020954,0.742,1.338,,,,,,,
202607021000,0.764,1.338,0.400,0.174,1.338,0.400,1.338,0.500,1.438
202607021006,0.786,1.380,,,,,,,
202607021012,0.808,1.410,,,,,,,
202607021018,0.830,1.430,,,,,,,
202607021024,0.851,1.439,,,,,,,
202607021030,0.872,1.489,,,,,,,
202607021036,0.892,1.498,,,,,,,
202607021042,0.912,1.518,,,,,,,
202607021048,0.931,1.528,,,,,,,
202607021054,0.950,1.557,,,,,,,
202607021100,0.969,1.571,0.500,0.102,1.571,0.400,1.471,0.500,1.571
202607021106,0.987,1.580,,,,,,,
202607021112,1.004,1.610,,,,,,,
202607021118,1.021,1.610,,,,,,,
202607021124,1.038,1.630,,,,,,,
202607021130,1.054,1.630,,,,,,,
202607021136,1.069,1.639,,,,,,,
202607021142,1.085,1.659,,,,,,,
202607021148,1.100,1.669,,,,,,,
202607021154,1.114,1.679,,,,,,,
202607021200,1.128,1.669,0.500,0.041,1.669,0.500,1.669,0.500,1.669
202607021206,1.142,1.689,,,,,,,
202607021212,1.156,1.708,,,,,,,
202607021218,1.169,1.728,,,,,,,
202607021224,1.183,1.738,,,,,,,
202607021230,1.196,1.748,,,,,,,
202607021236,1.209,1.748,,,,,,,
202607021242,1.222,1.758,,,,,,,
202607021248,1.235,1.767,,,,,,,
202607021254,1.248,1.800,,,,,,,
202607021300,1.261,1.810,0.500,0.049,1.810,0.500,1.810,0.600,1.910
202607021306,1.274,1.820,,,,,,,
202607021312,1.287,1.849,,,,,,,
202607021318,1.301,1.849,,,,,,,
202607021324,1.314,1.859,,,,,,,
202607021330,1.328,1.908,,,,,,,
202607021336,1.342,1.918,,,,,,,
202607021342,1.357,1.938,,,,,,,
202607021348,1.372,1.967,,,,,,,
202607021354,1.387,2.000,,,,,,,
202607021400,1.402,2.010,0.500,0.108,2.010,0.500,2.010,0.600,2.110
202607021406,1.418,2.030,,,,,,,
202607021412,1.434,2.040,,,,,,,
202607021418,1.450,2.069,,,,,,,
202607021424,1.467,2.089,,,,,,,
202607021430,1.484,2.118,,,,,,,
202607021436,1.502,2.148,,,,,,,
202607021442,1.520,2.158,,,,,,,
202607021448,1.538,2.191,,,,,,,
202607021454,1.557,2.210,,,,,,,
202607021500,1.576,2.220,0.500,0.144,2.220,0.500,2.220,0.600,2.320
202607021506,1.595,2.250,,,,,,,
202607021512,1.615,2.279,,,,,,,
202607021518,1.634,2.299,,,,,,,
202607021524,1.655,2.328,,,,,,,
202607021530,1.675,2.358,,,,,,,
202607021536,1.695,2.387,,,,,,,
202607021542,1.716,2.420,,,,,,,
202607021548,1.736,2.450,,,,,,,
202607021554,1.757,2.479,,,,,,,
202607021600,1.778,2.519,0.500,0.241,2.519,0.500,2.519,0.600,2.619
202607021606,1.798,2.548,,,,,,,
202607021612,1.819,2.578,,,,,,,
202607021618,1.839,2.610,,,,,,,
202607021624,1.859,2.597,,,,,,,
202607021630,1.879,2.640,,,,,,,
202607021636,1.899,2.650,,,,,,,
202607021642,1.918,2.689,,,,,,,
202607021648,1.936,2.719,,,,,,,
202607021654,1.954,2.738,,,,,,,
202607021700,1.972,2.748,0.600,0.176,2.748,0.500,2.648,0.600,2.748
202607021706,1.988,2.787,,,,,,,
202607021712,2.004,2.768,,,,,,,
202607021718,2.019,2.768,,,,,,,
202607021724,2.034,2.797,,,,,,,
202607021730,2.047,2.807,,,,,,,
202607021736,2.060,2.830,,,,,,,
202607021742,2.071,2.830,,,,,,,
202607021748,2.081,2.830,,,,,,,
202607021754,2.090,2.830,,,,,,,
202607021800,2.098,2.820,0.600,0.122,2.820,0.600,2.820,0.700,2.920
202607021806,2.105,2.807,,,,,,,
202607021812,2.111,2.797,,,,,,,
202607021818,2.115,2.787,,,,,,,
202607021824,2.118,2.787,,,,,,,
202607021830,2.120,2.797,,,,,,,
202607021836,2.120,2.778,,,,,,,
202607021842,2.119,2.768,,,,,,,
202607021848,2.117,2.768,,,,,,,
202607021854,2.113,2.738,,,,,,,
202607021900,2.108,2.728,0.600,0.020,2.728,0.600,2.728,0.700,2.828
202607021906,2.102,2.738,,,,,,,
202607021912,2.094,2.709,,,,,,,
202607021918,2.086,2.709,,,,,,,
202607021924,2.076,2.699,,,,,,,
202607021930,2.064,2.699,,,,,,,
202607021936,2.052,2.669,,,,,,,
202607021942,2.038,2.660,,,,,,,
202607021948,2.024,2.650,,,,,,,
202607021954,2.008,2.640,,,,,,,
202607022000,1.992,2.630,0.600,0.038,2.630,0.600,2.630,0.700,2.730
202607022006,1.974,2.610,,,,,,,
202607022012,1.956,2.578,,,,,,,
202607022018,1.936,2.548,,,,,,,
202607022024,1.916,2.548,,,,,,,
202607022030,1.896,2.538,,,,,,,
202607022036,1.874,2.519,,,,,,,
202607022042,1.852,2.489,,,,,,,
202607022048,1.829,2.469,,,,,,,
202607022054,1.805,2.450,,,,,,,
202607022100,1.781,2.420,0.600,0.039,2.420,0.600,2.420,0.700,2.520
202607022106,1.757,2.387,,,,,,,
202607022112,1.732,2.358,,,,,,,
202607022118,1.706,2.348,,,,,,,
202607022124,1.680,2.338,,,,,,,
202607022130,1.654,2.309,,,,,,,
202607022136,1.627,2.269,,,,,,,
202607022142,1.600,2.230,,,,,,,
202607022148,1.572,2.220,,,,,,,
202607022154,1.544,2.191,,,,,,,
202607022200,1.516,2.148,0.600,0.032,2.148,0.600,2.148,0.700,2.248
202607022206,1.487,2.128,,,,,,,
202607022212,1.458,2.109,,,,,,,
202607022218,1.429,2.059,,,,,,,
202607022224,1.399,2.010,,,,,,,
202607022230,1.370,2.000,,,,,,,
202607022236,1.339,1.967,,,,,,,
202607022242,1.309,1.938,,,,,,,
202607022248,1.278,1.908,,,,,,,
202607022254,1.247,1.879,,,,,,,
202607022300,1.216,1.849,0.600,0.033,1.849,0.600,1.849,0.700,1.949
202607022306,1.184,1.820,,,,,,,
202607022312,1.152,1.800,,,,,,,
202607022318,1.120,1.767,,,,,,,
202607022324,1.088,1.738,,,,,,,
202607022330,1.056,1.708,,,,,,,
202607022336,1.023,1.669,,,,,,,
202607022342,0.991,1.639,,,,,,,
202607022348,0.958,1.620,,,,,,,
202607022354,0.925,1.590,,,,,,,
202607030000,0.893,1.548,0.700,-0.045,1.548,0.700,1.548,0.700,1.548
202607030006,0.860,1.518,,,,,,,
202607030012,0.828,1.489,,,,,,,
202607030018,0.795,1.469,,,,,,,
202607030024,0.763,1.439,,,,,,,
202607030030,0.731,1.410,,,,,,,
202607030036,0.700,1.380,,,,,,,
202607030042,0.668,1.338,,,,,,,
202607030048,0.637,1.308,,,,,,,
202607030054,0.606,1.269,,,,,,,
202607030100,0.576,1.249,0.700,-0.027,1.249,0.600,1.149,0.700,1.249
202607030106,0.546,1.210,,,,,,,
202607030112,0.517,1.190,,,,,,,
202607030118,0.488,1.161,,,,,,,
202607030124,0.460,1.118,,,,,,,
202607030130,0.432,1.108,,,,,,,
202607030136,0.405,1.098,,,,,,,
202607030142,0.379,1.059,,,,,,,
202607030148,0.353,1.039,,,,,,,
202607030154,0.328,1.010,,,,,,,
202607030200,0.304,1.010,0.700,0.006,1.010,0.600,0.910,0.700,1.010
202607030206,0.281,0.990,,,,,,,
202607030212,0.258,0.970,,,,,,,
202607030218,0.237,0.961,,,,,,,
202607030224,0.216,0.941,,,,,,,
202607030230,0.196,0.918,,,,,,,
202607030236,0.177,0.918,,,,,,,
202607030242,0.159,0.898,,,,,,,
202607030248,0.141,0.869,,,,,,,
202607030254,0.125,0.869,,,,,,,
202607030300,0.110,0.869,0.700,0.059,0.869,0.600,0.769,0.700,0.869
202607030306,0.095,0.849,,,,,,,
202607030312,0.082,0.839,,,,,,,
202607030318,0.069,0.819,,,,,,,
202607030324,0.057,0.810,,,,,,,
202607030330,0.046,0.800,,,,,,,
202607030336,0.037,0.770,,,,,,,
202607030342,0.028,0.741,,,,,,,
202607030348,0.020,0.731,,,,,,,
202607030354,0.013,0.698,,,,,,,
202607030400,0.007,0.698,0.700,-0.009,0.698,0.600,0.598,0.700,0.698
202607030406,0.002,0.678,,,,,,,
202607030412,-0.001,0.669,,,,,,,
202607030418,-0.005,0.639,,,,,,,
202607030424,-0.007,0.639,,,,,,,
202607030430,-0.009,0.629,,,,,,,
202607030436,-0.009,0.619,,,,,,,
202607030442,-0.009,0.610,,,,,,,
202607030448,-0.008,0.610,,,,,,,
202607030454,-0.007,0.610,,,,,,,
202607030500,-0.004,0.590,0.600,-0.006,0.590,0.600,0.590,0.700,0.690
202607030506,-0.001,0.590,,,,,,,
202607030512,0.002,0.590,,,,,,,
202607030518,0.007,0.580,,,,,,,
202607030524,0.013,0.600,,,,,,,
202607030530,0.019,0.610,,,,,,,
202607030536,0.025,0.619,,,,,,,
202607030542,0.033,0.619,,,,,,,
202607030548,0.041,0.629,,,,,,,
202607030554,0.049,0.639,,,,,,,
202607030600,0.058,0.639,0.600,-0.019,0.639,0.600,0.639,0.700,0.739
202607030606,0.068,0.649,,,,,,,
202607030612,0.078,0.659,,,,,,,
202607030618,0.088,0.669,,,,,,,
202607030624,0.099,0.639,,,,,,,
202607030630,0.111,0.610,,,,,,,
202607030636,0.122,0.629,,,,,,,
202607030642,0.134,0.659,,,,,,,
202607030648,0.147,0.659,,,,,,,
202607030654,0.160,0.659,,,,,,,
202607030700,0.173,0.669,0.600,-0.104,0.669,0.600,0.669,0.600,0.669
202607030706,0.186,0.659,,,,,,,
202607030712,0.200,0.688,,,,,,,
202607030718,0.214,0.708,,,,,,,
202607030724,0.229,0.698,,,,,,,
202607030730,0.244,0.718,,,,,,,
202607030736,0.259,0.718,,,,,,,
202607030742,0.274,0.718,,,,,,,
202607030748,0.290,0.741,,,,,,,
202607030754,0.306,0.760,,,,,,,
202607030800,0.323,0.780,0.600,-0.143,0.780,0.600,0.780,0.600,0.780
202607030806,0.339,0.810,,,,,,,
202607030812,0.356,0.839,,,,,,,
202607030818,0.374,0.849,,,,,,,
202607030824,0.392,0.839,,,,,,,
202607030830,0.410,0.849,,,,,,,
202607030836,0.428,0.859,,,,,,,
202607030842,0.447,0.879,,,,,,,
202607030848,0.466,0.898,,,,,,,
202607030854,0.485,0.918,,,,,,,
202607030900,0.505,0.941,0.600,-0.164,0.941,0.600,0.941,0.600,0.941
202607030906,0.524,0.961,,,,,,,
202607030912,0.545,0.980,,,,,,,
202607030918,0.565,0.990,,,,,,,
202607030924,0.585,1.000,,,,,,,
202607030930,0.606,1.049,,,,,,,
202607030936,0.627,1.059,,,,,,,
202607030942,0.647,1.088,,,,,,,
202607030948,0.668,1.108,,,,,,,
202607030954,0.689,1.138,,,,,,,
202607031000,0.710,1.180,0.600,-0.130,1.180,0.600,1.180,0.600,1.180
202607031006,0.731,1.200,,,,,,,
202607031012,0.752,1.229,,,,,,,
202607031018,0.772,1.239,,,,,,,
202607031024,0.793,1.259,,,,,,,
202607031030,0.813,1.269,,,,,,,
202607031036,0.833,1.279,,,,,,,
202607031042,0.852,1.308,,,,,,,
202607031048,0.871,1.328,,,,,,,
202607031054,0.890,1.338,,,,,,,
202607031100,0.909,1.348,0.600,-0.161,1.348,0.600,1.348,0.600,1.348
202607031106,0.927,1.380,,,,,,,
202607031112,0.944,1.400,,,,,,,
202607031118,0.961,1.420,,,,,,,
202607031124,0.978,1.439,,,,,,,
202607031130,0.994,1.449,,,,,,,
202607031136,1.010,1.469,,,,,,,
202607031142,1.025,1.479,,,,,,,
202607031148,1.039,1.498,,,,,,,
202607031154,1.053,1.498,,,,,,,
202607031200,1.067,1.508,0.500,-0.059,1.508,0.500,1.508,0.500,1.508
202607031206,1.080,1.508,,,,,,,
202607031212,1.093,1.508,,,,,,,
202607031218,1.105,1.528,,,,,,,
202607031224,1.117,1.528,,,,,,,
202607031230,1.129,1.518,,,,,,,
202607031236,1.140,1.538,,,,,,,
202607031242,1.151,1.538,,,,,,,
202607031248,1.162,1.557,,,,,,,
202607031254,1.173,1.548,,,,,,,
202607031300,1.183,1.590,0.500,-0.093,1.590,0.500,1.590,0.500,1.590
202607031306,1.193,1.600,,,,,,,
202607031312,1.204,1.620,,,,,,,
202607031318,1.214,1.630,,,,,,,
202607031324,1.224,1.610,,,,,,,
202607031330,1.235,1.610,,,,,,,
202607031336,1.245,1.610,,,,,,,
202607031342,1.256,1.620,,,,,,,
202607031348,1.266,1.620,,,,,,,
202607031354,1.278,1.610,,,,,,,
202607031400,1.289,1.630,0.500,-0.159,1.630,0.500,1.630,0.500,1.630
202607031406,1.300,1.659,,,,,,,
202607031412,1.312,1.659,,,,,,,
202607031418,1.324,1.649,,,,,,,
202607031424,1.337,1.639,,,,,,,
202607031430,1.350,1.659,,,,,,,
202607031436,1.363,1.669,,,,,,,
202607031442,1.377,1.689,,,,,,,
202607031448,1.391,1.679,,,,,,,
202607031454,1.405,1.669,,,,,,,
202607031500,1.420,1.708,0.500,-0.212,1.708,0.500,1.708,0.500,1.708
202607031506,1.435,1.699,,,,,,,
202607031512,1.451,1.728,,,,,,,
202607031518,1.467,1.748,,,,,,,
202607031524,1.483,1.758,,,,,,,
202607031530,1.499,1.767,,,,,,,
202607031536,1.516,1.790,,,,,,,
202607031542,1.533,1.830,,,,,,,
202607031548,1.551,1.859,,,,,,,
202607031554,1.568,1.869,,,,,,,
202607031600,1.586,1.908,0.500,-0.178,1.908,0.500,1.908,0.500,1.908
202607031606,1.604,1.918,,,,,,,
202607031612,1.622,1.948,,,,,,,
202607031618,1.640,1.990,,,,,,,
202607031624,1.658,2.020,,,,,,,
202607031630,1.676,2.040,,,,,,,
202607031636,1.694,2.079,,,,,,,
202607031642,1.711,2.109,,,,,,,
202607031648,1.729,2.138,,,,,,,
202607031654,1.746,2.148,,,,,,,
202607031700,1.764,2.177,0.500,-0.087,2.177,0.500,2.177,0.500,2.177
202607031706,1.780,2.200,,,,,,,
202607031712,1.797,2.210,,,,,,,
202607031718,1.813,2.230,,,,,,,
202607031724,1.829,2.259,,,,,,,
202607031730,1.844,2.259,,,,,,,
202607031736,1.858,2.259,,,,,,,
202607031742,1.872,2.309,,,,,,,
202607031748,1.885,2.318,,,,,,,
202607031754,1.898,2.328,,,,,,,
202607031800,1.910,2.348,0.400,0.038,2.348,0.400,2.348,0.400,2.348
202607031806,1.921,2.348,,,,,,,
202607031812,1.931,2.368,,,,,,,
202607031818,1.940,2.387,,,,,,,
202607031824,1.948,2.420,,,,,,,
202607031830,1.955,2.430,,,,,,,
202607031836,1.961,2.358,,,,,,,
202607031842,1.966,2.289,,,,,,,
202607031848,1.970,2.309,,,,,,,
202607031854,1.973,2.269,,,,,,,
202607031900,1.975,2.279,0.400,-0.096,2.279,0.400,2.279,0.400,2.279
202607031906,1.975,2.299,,,,,,,
202607031912,1.975,2.299,,,,,,,
202607031918,1.973,2.279,,,,,,,
202607031924,1.970,2.259,,,,,,,
202607031930,1.966,2.250,,,,,,,
202607031936,1.961,2.259,,,,,,,
202607031942,1.955,2.259,,,,,,,
202607031948,1.948,2.250,,,,,,,
202607031954,1.939,2.230,,,,,,,
202607032000,1.930,2.210,0.400,-0.120,2.210,0.400,2.210,0.400,2.210
202607032006,1.919,2.200,,,,,,,
202607032012,1.908,2.210,,,,,,,
202607032018,1.895,2.191,,,,,,,
202607032024,1.882,2.168,,,,,,,
202607032030,1.867,2.168,,,,,,,
202607032036,1.852,2.148,,,,,,,
202607032042,1.836,2.128,,,,,,,
202607032048,1.819,2.099,,,,,,,
202607032054,1.801,2.099,,,,,,,
202607032100,1.783,2.079,0.400,-0.104,2.079,0.400,2.079,0.400,2.079
202607032106,1.763,2.059,,,,,,,
202607032112,1.744,2.040,,,,,,,
202607032118,1.723,2.020,,,,,,,
202607032124,1.702,2.020,,,,,,,
202607032130,1.681,2.010,,,,,,,
202607032136,1.659,1.967,,,,,,,
202607032142,1.636,1.948,,,,,,,
202607032148,1.613,1.928,,,,,,,
202607032154,1.590,1.908,,,,,,,
202607032200,1.566,1.889,0.400,-0.077,1.889,0.400,1.889,0.400,1.889
202607032206,1.542,1.869,,,,,,,
202607032212,1.517,1.859,,,,,,,
202607032218,1.492,1.840,,,,,,,
202607032224,1.467,1.810,,,,,,,
202607032230,1.441,1.790,,,,,,,
202607032236,1.415,1.758,,,,,,,
202607032242,1.389,1.748,,,,,,,
202607032248,1.362,1.718,,,,,,,
202607032254,1.336,1.689,,,,,,,
202607032300,1.308,1.699,0.400,-0.009,1.699,0.400,1.699,0.400,1.699
202607032306,1.281,1.669,,,,,,,
202607032312,1.253,1.649,,,,,,,
202607032318,1.225,1.610,,,,,,,
202607032324,1.196,1.590,,,,,,,
202607032330,1.168,1.580,,,,,,,
202607032336,1.139,1.557,,,,,,,
202607032342,1.110,1.528,,,,,,,
202607032348,1.080,1.489,,,,,,,
202607032354,1.051,1.489,,,,,,,
202607040000,1.021,1.459,0.300,0.138,1.459,0.300,1.459,0.300,1.459
202607040006,0.992,1.449,,,,,,,
202607040012,0.962,1.430,,,,,,,
202607040018,0.932,1.390,,,,,,,
202607040024,0.902,1.380,,,,,,,
202607040030,0.872,1.348,,,,,,,
202607040036,0.842,1.328,,,,,,,
202607040042,0.813,1.298,,,,,,,
202607040048,0.783,1.279,,,,,,,
202607040054,0.754,1.259,,,,,,,
202607040100,0.725,1.249,0.300,0.224,1.249,0.300,1.249,0.300,1.249
202607040106,0.696,1.210,,,,,,,
202607040112,0.668,1.180,,,,,,,
202607040118,0.640,1.170,,,,,,,
202607040124,0.612,1.151,,,,,,,
202607040130,0.585,1.118,,,,,,,
202607040136,0.558,1.108,,,,,,,
202607040142,0.532,1.088,,,,,,,
202607040148,0.507,1.059,,,,,,,
202607040154,0.482,1.039,,,,,,,
202607040200,0.458,1.020,0.300,0.262,1.020,0.300,1.020,0.400,1.120
202607040206,0.435,0.990,,,,,,,
202607040212,0.413,0.970,,,,,,,
202607040218,0.391,0.961,,,,,,,
202607040224,0.370,0.941,,,,,,,
202607040230,0.350,0.918,,,,,,,
202607040236,0.331,0.888,,,,,,,
202607040242,0.313,0.879,,,,,,,
202607040248,0.296,0.859,,,,,,,
202607040254,0.279,0.849,,,,,,,
202607040300,0.264,0.829,0.300,0.265,0.829,0.300,0.829,0.400,0.929
202607040306,0.249,0.839,,,,,,,
202607040312,0.236,0.810,,,,,,,
202607040318,0.223,0.800,,,,,,,
202607040324,0.212,0.770,,,,,,,
202607040330,0.201,0.760,,,,,,,
202607040336,0.191,0.770,,,,,,,
202607040342,0.182,0.760,,,,,,,
202607040348,0.174,0.760,,,,,,,
202607040354,0.167,0.731,,,,,,,
202607040400,0.161,0.688,0.300,0.227,0.688,0.300,0.688,0.400,0.788
202607040406,0.155,0.688,,,,,,,
202607040412,0.151,0.688,,,,,,,
202607040418,0.147,0.669,,,,,,,
202607040424,0.144,0.649,,,,,,,
202607040430,0.142,0.649,,,,,,,
202607040436,0.141,0.629,,,,,,,
202607040442,0.141,0.570,,,,,,,
202607040448,0.141,0.560,,,,,,,
202607040454,0.142,0.551,,,,,,,
202607040500,0.144,0.551,0.300,0.107,0.551,0.300,0.551,0.400,0.651
202607040506,0.146,0.551,,,,,,,
202607040512,0.149,0.541,,,,,,,
202607040518,0.153,0.531,,,,,,,
202607040524,0.157,0.531,,,,,,,
202607040530,0.162,0.518,,,,,,,
202607040536,0.168,0.518,,,,,,,
202607040542,0.174,0.518,,,,,,,
202607040548,0.180,0.531,,,,,,,
202607040554,0.188,0.531,,,,,,,
202607040600,0.195,0.531,0.400,-0.064,0.531,0.400,0.531,0.400,0.531
202607040606,0.203,0.551,,,,,,,
202607040612,0.212,0.551,,,,,,,
202607040618,0.221,0.560,,,,,,,
202607040624,0.230,0.570,,,,,,,
202607040630,0.240,0.580,,,,,,,
202607040636,0.250,0.600,,,,,,,
202607040642,0.261,0.619,,,,,,,
202607040648,0.272,0.629,,,,,,,
202607040654,0.283,0.639,,,,,,,
202607040700,0.294,0.659,0.400,-0.035,0.659,0.400,0.659,0.400,0.659
202607040706,0.306,0.669,,,,,,,
202607040712,0.318,0.688,,,,,,,
202607040718,0.330,0.698,,,,,,,
202607040724,0.343,0.731,,,,,,,
202607040730,0.355,0.741,,,,,,,
202607040736,0.368,0.760,,,,,,,
202607040742,0.381,0.770,,,,,,,
202607040748,0.394,0.780,,,,,,,
202607040754,0.408,0.800,,,,,,,
202607040800,0.421,0.819,0.400,-0.002,0.819,0.400,0.819,0.400,0.819
202607040806,0.435,0.839,,,,,,,
202607040812,0.449,0.859,,,,,,,
202607040818,0.463,0.869,,,,,,,
202607040824,0.478,0.888,,,,,,,
202607040830,0.492,0.898,,,,,,,
202607040836,0.507,0.918,,,,,,,
202607040842,0.522,0.898,,,,,,,
202607040848,0.537,0.908,,,,,,,
202607040854,0.552,0.908,,,,,,,
202607040900,0.567,0.928,0.400,-0.039,0.928,0.400,0.928,0.400,0.928
202607040906,0.583,0.951,,,,,,,
202607040912,0.599,0.961,,,,,,,
202607040918,0.615,0.970,,,,,,,
202607040924,0.631,1.000,,,,,,,
202607040930,0.647,1.010,,,,,,,
202607040936,0.663,1.020,,,,,,,
202607040942,0.680,1.039,,,,,,,
202607040948,0.697,1.049,,,,,,,
202607040954,0.713,1.079,,,,,,,
202607041000,0.730,1.098,0.400,-0.032,1.098,0.400,1.098,0.400,1.098
202607041006,0.747,1.108,,,,,,,
202607041012,0.764,1.118,,,,,,,
202607041018,0.781,1.151,,,,,,,
202607041024,0.798,1.161,,,,,,,
202607041030,0.815,1.170,,,,,,,
202607041036,0.832,1.190,,,,,,,
202607041042,0.848,1.210,,,,,,,
202607041048,0.865,1.229,,,,,,,
202607041054,0.881,1.249,,,,,,,
202607041100,0.898,1.259,0.400,-0.039,1.259,0.400,1.259,0.400,1.259
202607041106,0.913,1.289,,,,,,,
202607041112,0.929,1.308,,,,,,,
202607041118,0.944,1.318,,,,,,,
202607041124,0.959,1.318,,,,,,,
202607041130,0.974,1.318,,,,,,,
202607041136,0.988,1.338,,,,,,,
202607041142,1.002,1.338,,,,,,,
202607041148,1.015,1.348,,,,,,,
202607041154,1.028,,,,,,,,
202607041200,1.040,,0.400,-0.035,1.405,0.300,1.305,0.400,1.405
202607041206,1.052,,,,,,,,
202607041212,1.063,,,,,,,,
202607041218,1.074,,,,,,,,
202607041224,1.085,,,,,,,,
202607041230,1.094,,,,,,,,
202607041236,1.104,,,,,,,,
202607041242,1.113,,,,,,,,
202607041248,1.122,,,,,,,,
202607041254,1.130,,,,,,,,
202607041300,1.138,,0.400,-0.032,1.506,0.400,1.506,0.400,1.506
202607041306,1.145,,,,,,,,
202607041312,1.153,,,,,,,,
202607041318,1.160,,,,,,,,
202607041324,1.167,,,,,,,,
202607041330,1.173,,,,,,,,
202607041336,1.180,,,,,,,,
202607041342,1.187,,,,,,,,
202607041348,1.193,,,,,,,,
202607041354,1.200,,,,,,,,
202607041400,1.206,,0.400,-0.028,1.578,0.400,1.578,0.400,1.578
202607041406,1.213,,,,,,,,
202607041412,1.220,,,,,,,,
202607041418,1.227,,,,,,,,
202607041424,1.234,,,,,,,,
202607041430,1.242,,,,,,,,
202607041436,1.249,,,,,,,,
202607041442,1.257,,,,,,,,
202607041448,1.266,,,,,,,,
202607041454,1.274,,,,,,,,
202607041500,1.284,,0.400,-0.024,1.660,0.400,1.660,0.400,1.660
202607041506,1.293,,,,,,,,
202607041512,1.303,,,,,,,,
202607041518,1.313,,,,,,,,
202607041524,1.324,,,,,,,,
202607041530,1.335,,,,,,,,
202607041536,1.346,,,,,,,,
202607041542,1.357,,,,,,,,
202607041548,1.369,,,,,,,,
202607041554,1.382,,,,,,,,
202607041600,1.394,,0.400,-0.021,1.773,0.400,1.773,0.400,1.773
202607041606,1.407,,,,,,,,
202607041612,1.420,,,,,,,,
202607041618,1.434,,,,,,,,
202607041624,1.447,,,,,,,,
202607041630,1.461,,,,,,,,
202607041636,1.475,,,,,,,,
202607041642,1.488,,,,,,,,
202607041648,1.502,,,,,,,,
202607041654,1.516,,,,,,,,
202607041700,1.530,,0.400,-0.017,1.913,0.400,1.913,0.400,1.913
202607041706,1.544,,,,,,,,
202607041712,1.558,,,,,,,,
202607041718,1.571,,,,,,,,
202607041724,1.585,,,,,,,,
202607041730,1.598,,,,,,,,
202607041736,1.611,,,,,,,,
202607041742,1.624,,,,,,,,
202607041748,1.636,,,,,,,,
202607041754,1.648,,,,,,,,
202607041800,1.659,,0.400,-0.013,2.046,0.400,2.046,0.400,2.046
202607041806,1.670,,,,,,,,
202607041812,1.681,,,,,,,,
202607041818,1.691,,,,,,,,
202607041824,1.701,,,,,,,,
202607041830,1.709,,,,,,,,
202607041836,1.718,,,,,,,,
202607041842,1.725,,,,,,,,
202607041848,1.732,,,,,,,,
202607041854,1.738,,,,,,,,
202607041900,1.744,,0.400,-0.010,2.134,0.300,2.034,0.400,2.134
202607041906,1.748,,,,,,,,
202607041912,1.752,,,,,,,,
202607041918,1.755,,,,,,,,
202607041924,1.757,,,,,,,,
202607041930,1.758,,,,,,,,
202607041936,1.759,,,,,,,,
202607041942,1.758,,,,,,,,
202607041948,1.757,,,,,,,,
202607041954,1.754,,,,,,,,
202607042000,1.751,,0.400,-0.006,2.145,0.400,2.145,0.400,2.145
202607042006,1.747,,,,,,,,
202607042012,1.742,,,,,,,,
202607042018,1.736,,,,,,,,
202607042024,1.729,,,,,,,,
202607042030,1.721,,,,,,,,
202607042036,1.712,,,,,,,,
202607042042,1.703,,,,,,,,
202607042048,1.692,,,,,,,,
202607042054,1.681,,,,,,,,
202607042100,1.670,,0.400,-0.002,2.068,0.400,2.068,0.400,2.068
202607042106,1.657,,,,,,,,
202607042112,1.644,,,,,,,,
202607042118,1.630,,,,,,,,
202607042124,1.615,,,,,,,,
202607042130,1.600,,,,,,,,
202607042136,1.584,,,,,,,,
202607042142,1.568,,,,,,,,
202607042148,1.551,,,,,,,,
202607042154,1.534,,,,,,,,
202607042200,1.516,,0.400,0.002,1.918,0.400,1.918,0.400,1.918
202607042206,1.497,,,,,,,,
202607042212,1.479,,,,,,,,
202607042218,1.460,,,,,,,,
202607042224,1.440,,,,,,,,
202607042230,1.420,,,,,,,,
202607042236,1.400,,,,,,,,
202607042242,1.380,,,,,,,,
202607042248,1.359,,,,,,,,
202607042254,1.338,,,,,,,,
202607042300,1.317,,0.400,0.005,1.722,0.400,1.722,0.400,1.722
202607042306,1.295,,,,,,,,
202607042312,1.274,,,,,,,,
202607042318,1.252,,,,,,,,
202607042324,1.229,,,,,,,,
202607042330,1.207,,,,,,,,
202607042336,1.184,,,,,,,,
202607042342,1.161,,,,,,,,
202607042348,1.138,,,,,,,,
202607042354,1.115,,,,,,,,
202607050000,1.091,,0.400,0.005,1.496,0.400,1.496,0.500,1.596
202607050006,1.067,,,,,,,,
202607050012,1.044,,,,,,,,
202607050018,1.019,,,,,,,,
202607050024,0.995,,,,,,,,
202607050030,0.971,,,,,,,,
202607050036,0.947,,,,,,,,
202607050042,0.922,,,,,,,,
202607050048,0.898,,,,,,,,
202607050054,0.873,,,,,,,,
202607050100,0.849,,0.400,0.005,1.254,0.400,1.254,0.500,1.354
202607050106,0.825,,,,,,,,
202607050112,0.800,,,,,,,,
202607050118,0.776,,,,,,,,
202607050124,0.752,,,,,,,,
202607050130,0.729,,,,,,,,
202607050136,0.705,,,,,,,,
202607050142,0.682,,,,,,,,
202607050148,0.660,,,,,,,,
202607050154,0.638,,,,,,,,
202607050200,0.616,,0.400,0.005,1.021,0.400,1.021,0.500,1.121
202607050206,0.595,,,,,,,,
202607050212,0.574,,,,,,,,
202607050218,0.554,,,,,,,,
202607050224,0.535,,,,,,,,
202607050230,0.516,,,,,,,,
202607050236,0.498,,,,,,,,
202607050242,0.481,,,,,,,,
202607050248,0.465,,,,,,,,
202607050254,0.449,,,,,,,,
202607050300,0.435,,0.500,0.005,0.940,0.400,0.840,0.500,0.940
202607050306,0.421,,,,,,,,
202607050312,0.408,,,,,,,,
202607050318,0.396,,,,,,,,
202607050324,0.385,,,,,,,,
202607050330,0.375,,,,,,,,
202607050336,0.365,,,,,,,,
202607050342,0.357,,,,,,,,
202607050348,0.350,,,,,,,,
202607050354,0.343,,,,,,,,
202607050400,0.337,,0.500,0.005,0.842,0.500,0.842,0.500,0.842
202607050406,0.333,,,,,,,,
202607050412,0.329,,,,,,,,
202607050418,0.326,,,,,,,,
202607050424,0.323,,,,,,,,
202607050430,0.322,,,,,,,,
202607050436,0.321,,,,,,,,
202607050442,0.321,,,,,,,,
202607050448,0.322,,,,,,,,
202607050454,0.324,,,,,,,,
202607050500,0.326,,0.500,0.005,0.831,0.400,0.731,0.500,0.831
202607050506,0.329,,,,,,,,
202607050512,0.332,,,,,,,,
202607050518,0.336,,,,,,,,
202607050524,0.341,,,,,,,,
202607050530,0.346,,,,,,,,
202607050536,0.352,,,,,,,,
202607050542,0.359,,,,,,,,
202607050548,0.365,,,,,,,,
202607050554,0.373,,,,,,,,
202607050600,0.381,,0.400,0.005,0.786,0.400,0.786,0.500,0.886
202607050606,0.389,,,,,,,,
202607050612,0.397,,,,,,,,
202607050618,0.406,,,,,,,,
202607050624,0.415,,,,,,,,
202607050630,0.425,,,,,,,,
202607050636,0.435,,,,,,,,
202607050642,0.445,,,,,,,,
202607050648,0.456,,,,,,,,
202607050654,0.467,,,,,,,,
202607050700,0.478,,0.400,0.005,0.883,0.400,0.883,0.500,0.983
202607050706,0.489,,,,,,,,
202607050712,0.500,,,,,,,,
202607050718,0.512,,,,,,,,
202607050724,0.523,,,,,,,,
202607050730,0.535,,,,,,,,
202607050736,0.547,,,,,,,,
202607050742,0.559,,,,,,,,
202607050748,0.571,,,,,,,,
202607050754,0.584,,,,,,,,
202607050800,0.596,,0.400,0.005,1.001,0.400,1.001,0.400,1.001
202607050806,0.608,,,,,,,,
202607050812,0.620,,,,,,,,
202607050818,0.633,,,,,,,,
202607050824,0.645,,,,,,,,
202607050830,0.657,,,,,,,,
202607050836,0.670,,,,,,,,
202607050842,0.682,,,,,,,,
202607050848,0.694,,,,,,,,
202607050854,0.707,,,,,,,,
202607050900,0.719,,0.400,0.005,1.124,0.400,1.124,0.400,1.124
202607050906,0.731,,,,,,,,
202607050912,0.743,,,,,,,,
202607050918,0.755,,,,,,,,
202607050924,0.767,,,,,,,,
202607050930,0.780,,,,,,,,
202607050936,0.792,,,,,,,,
202607050942,0.804,,,,,,,,
202607050948,0.816,,,,,,,,
202607050954,0.828,,,,,,,,
202607051000,0.840,,0.400,0.005,1.245,0.400,1.245,0.400,1.245
202607051006,0.852,,,,,,,,
202607051012,0.864,,,,,,,,
202607051018,0.876,,,,,,,,
202607051024,0.887,,,,,,,,
202607051030,0.900,,,,,,,,
202607051036,0.911,,,,,,,,
202607051042,0.923,,,,,,,,
202607051048,0.934,,,,,,,,
202607051054,0.946,,,,,,,,
202607051100,0.957,,0.400,0.005,1.362,0.400,1.362,0.400,1.362
202607051106,0.968,,,,,,,,
202607051112,0.980,,,,,,,,
202607051118,0.991,,,,,,,,
202607051124,1.001,,,,,,,,
202607051130,1.012,,,,,,,,
202607051136,1.022,,,,,,,,
202607051142,1.032,,,,,,,,
202607051148,1.042,,,,,,,,
202607051154,1.051,,,,,,,,
202607051200,1.061,,0.400,0.005,1.466,0.400,1.466,0.400,1.466
202607051206,1.069,,,,,,,,
202607051212,1.078,,,,,,,,
202607051218,1.086,,,,,,,,
202607051224,1.093,,,,,,,,
202607051230,1.101,,,,,,,,
202607051236,1.108,,,,,,,,
202607051242,1.114,,,,,,,,
202607051248,1.120,,,,,,,,
202607051254,1.126,,,,,,,,
202607051300,1.131,,0.400,0.005,1.536,0.400,1.536,0.400,1.536
202607051306,1.135,,,,,,,,
202607051312,1.140,,,,,,,,
202607051318,1.144,,,,,,,,
202607051324,1.148,,,,,,,,
202607051330,1.151,,,,,,,,
202607051336,1.154,,,,,,,,
202607051342,1.157,,,,,,,,
202607051348,1.159,,,,,,,,
202607051354,1.161,,,,,,,,
202607051400,1.164,,0.400,0.005,1.569,0.400,1.569,0.400,1.569
202607051406,1.166,,,,,,,,
202607051412,1.167,,,,,,,,
202607051418,1.169,,,,,,,,
202607051424,1.171,,,,,,,,
202607051430,1.173,,,,,,,,
202607051436,1.175,,,,,,,,
202607051442,1.177,,,,,,,,
202607051448,1.179,,,,,,,,
202607051454,1.181,,,,,,,,
202607051500,1.184,,0.400,0.005,1.589,0.400,1.589,0.400,1.589
202607051506,1.187,,,,,,,,
202607051512,1.190,,,,,,,,
202607051518,1.193,,,,,,,,
202607051524,1.197,,,,,,,,
202607051530,1.201,,,,,,,,
202607051536,1.205,,,,,,,,
202607051542,1.210,,,,,,,,
202607051548,1.215,,,,,,,,
202607051554,1.220,,,,,,,,
202607051600,1.226,,0.400,0.005,1.631,0.400,1.631,0.400,1.631
202607051606,1.231,,,,,,,,
202607051612,1.238,,,,,,,,
202607051618,1.244,,,,,,,,
202607051624,1.251,,,,,,,,
202607051630,1.258,,,,,,,,
202607051636,1.266,,,,,,,,
202607051642,1.274,,,,,,,,
202607051648,1.281,,,,,,,,
202607051654,1.290,,,,,,,,
202607051700,1.298,,0.400,0.005,1.703,0.400,1.703,0.400,1.703
202607051706,1.306,,,,,,,,
202607051712,1.315,,,,,,,,
202607051718,1.323,,,,,,,,
202607051724,1.332,,,,,,,,
202607051730,1.340,,,,,,,,
202607051736,1.349,,,,,,,,
202607051742,1.357,,,,,,,,
202607051748,1.366,,,,,,,,
202607051754,1.374,,,,,,,,
202607051800,1.382,,0.400,0.005,1.787,0.400,1.787,0.400,1.787
202607051806,1.390,,,,,,,,
202607051812,1.398,,,,,,,,
202607051818,1.406,,,,,,,,
202607051824,1.413,,,,,,,,
202607051830,1.420,,,,,,,,
202607051836,1.427,,,,,,,,
202607051842,1.434,,,,,,,,
202607051848,1.440,,,,,,,,
202607051854,1.446,,,,,,,,
202607051900,1.451,,0.400,0.005,1.856,0.400,1.856,0.400,1.856
202607051906,1.456,,,,,,,,
202607051912,1.460,,,,,,,,
202607051918,1.464,,,,,,,,
202607051924,1.468,,,,,,,,
202607051930,1.471,,,,,,,,
202607051936,1.473,,,,,,,,
202607051942,1.475,,,,,,,,
202607051948,1.477,,,,,,,,
202607051954,1.478,,,,,,,,
202607052000,1.478,,0.400,0.005,1.883,0.400,1.883,0.400,1.883
202607052006,1.478,,,,,,,,
202607052012,1.477,,,,,,,,
202607052018,1.475,,,,,,,,
202607052024,1.473,,,,,,,,
202607052030,1.470,,,,,,,,
202607052036,1.467,,,,,,,,
202607052042,1.463,,,,,,,,
202607052048,1.458,,,,,,,,
202607052054,1.453,,,,,,,,
202607052100,1.447,,0.400,0.005,1.852,0.400,1.852,0.400,1.852
202607052106,1.440,,,,,,,,
202607052112,1.433,,,,,,,,
202607052118,1.425,,,,,,,,
202607052124,1.417,,,,,,,,
202607052130,1.408,,,,,,,,
202607052136,1.399,,,,,,,,
202607052142,1.389,,,,,,,,
202607052148,1.378,,,,,,,,
202607052154,1.367,,,,,,,,
202607052200,1.356,,0.400,0.005,1.761,0.400,1.761,0.500,1.861
202607052206,1.344,,,,,,,,
202607052212,1.332,,,,,,,,
202607052218,1.319,,,,,,,,
202607052224,1.306,,,,,,,,
202607052230,1.293,,,,,,,,
202607052236,1.280,,,,,,,,
202607052242,1.266,,,,,,,,
202607052248,1.252,,,,,,,,
202607052254,1.238,,,,,,,,
202607052300,1.223,,0.400,0.005,1.628,0.400,1.628,0.500,1.728
202607052306,1.208,,,,,,,,
202607052312,1.194,,,,,,,,
202607052318,1.179,,,,,,,,
202607052324,1.164,,,,,,,,
202607052330,1.148,,,,,,,,
202607052336,1.133,,,,,,,,
202607052342,1.117,,,,,,,,
202607052348,1.102,,,,,,,,
202607052354,1.086,,,,,,,,
202607060000,1.071,,0.500,0.005,1.576,0.400,1.476,0.500,1.576
202607060006,1.055,,,,,,,,
202607060012,1.039,,,,,,,,
202607060018,1.023,,,,,,,,
202607060024,1.007,,,,,,,,
202607060030,0.991,,,,,,,,
202607060036,0.974,,,,,,,,
202607060042,0.958,,,,,,,,
202607060048,0.942,,,,,,,,
202607060054,0.926,,,,,,,,
202607060100,0.909,,0.500,0.005,1.414,0.400,1.314,0.500,1.414
202607060106,0.893,,,,,,,,
202607060112,0.876,,,,,,,,
202607060118,0.860,,,,,,,,
202607060124,0.844,,,,,,,,
202607060130,0.827,,,,,,,,
202607060136,0.811,,,,,,,,
202607060142,0.795,,,,,,,,
202607060148,0.779,,,,,,,,
202607060154,0.763,,,,,,,,
202607060200,0.748,,0.500,0.005,1.253,0.400,1.153,0.500,1.253
202607060206,0.732,,,,,,,,
202607060212,0.717,,,,,,,,
202607060218,0.702,,,,,,,,
202607060224,0.688,,,,,,,,
202607060230,0.674,,,,,,,,
202607060236,0.660,,,,,,,,
202607060242,0.647,,,,,,,,
202607060248,0.634,,,,,,,,
202607060254,0.622,,,,,,,,
202607060300,0.610,,0.500,0.005,1.115,0.400,1.015,0.500,1.115
202607060306,0.599,,,,,,,,
202607060312,0.589,,,,,,,,
202607060318,0.579,,,,,,,,
202607060324,0.570,,,,,,,,
202607060330,0.562,,,,,,,,
202607060336,0.554,,,,,,,,
202607060342,0.547,,,,,,,,
202607060348,0.541,,,,,,,,
202607060354,0.536,,,,,,,,
202607060400,0.531,,0.500,0.005,1.036,0.400,0.936,0.500,1.036
202607060406,0.527,,,,,,,,
202607060412,0.524,,,,,,,,
202607060418,0.522,,,,,,,,
202607060424,0.520,,,,,,,,
202607060430,0.520,,,,,,,,
202607060436,0.520,,,,,,,,
202607060442,0.521,,,,,,,,
202607060448,0.522,,,,,,,,
202607060454,0.525,,,,,,,,
202607060500,0.528,,0.500,0.005,1.033,0.400,0.933,0.500,1.033
202607060506,0.531,,,,,,,,
202607060512,0.536,,,,,,,,
202607060518,0.541,,,,,,,,
202607060524,0.546,,,,,,,,
202607060530,0.552,,,,,,,,
202607060536,0.559,,,,,,,,
202607060542,0.566,,,,,,,,
202607060548,0.574,,,,,,,,
202607060554,0.582,,,,,,,,
202607060600,0.590,,0.400,0.005,0.995,0.400,0.995,0.500,1.095
202607060606,0.599,,,,,,,,
202607060612,0.608,,,,,,,,
202607060618,0.618,,,,,,,,
202607060624,0.628,,,,,,,,
202607060630,0.639,,,,,,,,
202607060636,0.649,,,,,,,,
202607060642,0.660,,,,,,,,
202607060648,0.671,,,,,,,,
202607060654,0.683,,,,,,,,
202607060700,0.694,,0.400,0.005,1.099,0.400,1.099,0.500,1.199
202607060706,0.706,,,,,,,,
202607060712,0.718,,,,,,,,
202607060718,0.730,,,,,,,,
202607060724,0.742,,,,,,,,
202607060730,0.754,,,,,,,,
202607060736,0.767,,,,,,,,
202607060742,0.779,,,,,,,,
202607060748,0.792,,,,,,,,
202607060754,0.804,,,,,,,,
202607060800,0.816,,0.400,0.005,1.221,0.400,1.221,0.500,1.321
202607060806,0.829,,,,,,,,
202607060812,0.841,,,,,,,,
202607060818,0.853,,,,,,,,
202607060824,0.865,,,,,,,,
202607060830,0.877,,,,,,,,
202607060836,0.889,,,,,,,,
202607060842,0.901,,,,,,,,
202607060848,0.912,,,,,,,,
202607060854,0.924,,,,,,,,
202607060900,0.935,,0.400,0.005,1.340,0.300,1.240,0.400,1.340
202607060906,0.946,,,,,,,,
202607060912,0.956,,,,,,,,
202607060918,0.967,,,,,,,,
202607060924,0.977,,,,,,,,
202607060930,0.987,,,,,,,,
202607060936,0.997,,,,,,,,
202607060942,1.006,,,,,,,,
202607060948,1.015,,,,,,,,
202607060954,1.024,,,,,,,,
202607061000,1.032,,0.400,0.005,1.437,0.300,1.337,0.400,1.437
202607061006,1.041,,,,,,,,
202607061012,1.049,,,,,,,,
202607061018,1.056,,,,,,,,
202607061024,1.064,,,,,,,,
202607061030,1.071,,,,,,,,
202607061036,1.078,,,,,,,,
202607061042,1.085,,,,,,,,
202607061048,1.091,,,,,,,,
202607061054,1.097,,,,,,,,
202607061100,1.104,,0.400,0.005,1.509,0.300,1.409,0.400,1.509
202607061106,1.109,,,,,,,,
202607061112,1.115,,,,,,,,
202607061118,1.120,,,,,,,,
202607061124,1.125,,,,,,,,
202607061130,1.130,,,,,,,,
202607061136,1.135,,,,,,,,
202607061142,1.140,,,,,,,,
202607061148,1.144,,,,,,,,
202607061154,1.148,,,,,,,,
202607061200,1.152,,0.400,0.005,1.557,0.300,1.457,0.400,1.557
202607061206,1.156,,,,,,,,
202607061212,1.159,,,,,,,,
202607061218,1.163,,,,,,,,
202607061224,1.165,,,,,,,,
202607061230,1.168,,,,,,,,
202607061236,1.171,,,,,,,,
202607061242,1.173,,,,,,,,
202607061248,1.175,,,,,,,,
202607061254,1.176,,,,,,,,
202607061300,1.177,,0.300,0.005,1.482,0.300,1.482,0.400,1.582
202607061306,1.178,,,,,,,,
202607061312,1.179,,,,,,,,
202607061318,1.179,,,,,,,,
202607061324,1.179,,,,,,,,
202607061330,1.179,,,,,,,,
202607061336,1.178,,,,,,,,
202607061342,1.177,,,,,,,,
202607061348,1.176,,,,,,,,
202607061354,1.174,,,,,,,,
202607061400,1.172,,0.300,0.005,1.477,0.300,1.477,0.400,1.577
202607061406,1.170,,,,,,,,
202607061412,1.168,,,,,,,,
202607061418,1.165,,,,,,,,
202607061424,1.162,,,,,,,,
202607061430,1.159,,,,,,,,
202607061436,1.156,,,,,,,,
202607061442,1.153,,,,,,,,
202607061448,1.149,,,,,,,,
202607061454,1.146,,,,,,,,
202607061500,1.142,,0.300,0.005,1.447,0.200,1.347,0.400,1.547
202607061506,1.139,,,,,,,,
202607061512,1.135,,,,,,,,
202607061518,1.132,,,,,,,,
202607061524,1.128,,,,,,,,
202607061530,1.125,,,,,,,,
202607061536,1.122,,,,,,,,
202607061542,1.119,,,,,,,,
202607061548,1.116,,,,,,,,
202607061554,1.114,,,,,,,,
202607061600,1.112,,0.300,0.005,1.417,0.200,1.317,0.400,1.517
202607061606,1.110,,,,,,,,
202607061612,1.108,,,,,,,,
202607061618,1.106,,,,,,,,
202607061624,1.105,,,,,,,,
202607061630,1.104,,,,,,,,
202607061636,1.104,,,,,,,,
202607061642,1.103,,,,,,,,
202607061648,1.103,,,,,,,,
202607061654,1.103,,,,,,,,
202607061700,1.104,,0.300,0.005,1.409,0.200,1.309,0.400,1.509
202607061706,1.105,,,,,,,,
202607061712,1.106,,,,,,,,
202607061718,1.107,,,,,,,,
202607061724,1.108,,,,,,,,
202607061730,1.110,,,,,,,,
202607061736,1.111,,,,,,,,
202607061742,1.113,,,,,,,,
202607061748,1.115,,,,,,,,
202607061754,1.117,,,,,,,,
202607061800,1.120,,0.300,0.005,1.425,0.200,1.325,0.400,1.525
202607061806,1.122,,,,,,,,
202607061812,1.124,,,,,,,,
202607061818,1.127,,,,,,,,
202607061824,1.129,,,,,,,,
202607061830,1.131,,,,,,,,
202607061836,1.134,,,,,,,,
202607061842,1.136,,,,,,,,
202607061848,1.138,,,,,,,,
202607061854,1.140,,,,,,,,
202607061900,1.142,,0.300,0.005,1.447,0.200,1.347,0.400,1.547
202607061906,1.144,,,,,,,,
202607061912,1.146,,,,,,,,
202607061918,1.147,,,,,,,,
202607061924,1.149,,,,,,,,
202607061930,1.150,,,,,,,,
202607061936,1.151,,,,,,,,
202607061942,1.152,,,,,,,,
202607061948,1.153,,,,,,,,
202607061954,1.153,,,,,,,,
202607062000,1.153,,0.300,0.005,1.458,0.200,1.358,0.400,1.558
202607062006,1.153,,,,,,,,
202607062012,1.153,,,,,,,,
202607062018,1.153,,,,,,,,
202607062024,1.152,,,,,,,,
202607062030,1.151,,,,,,,,
202607062036,1.149,,,,,,,,
202607062042,1.148,,,,,,,,
202607062048,1.146,,,,,,,,
202607062054,1.144,,,,,,,,
202607062100,1.141,,0.300,0.005,1.446,0.200,1.346,0.400,1.546
202607062106,1.138,,,,,,,,
202607062112,1.135,,,,,,,,
202607062118,1.131,,,,,,,,
202607062124,1.127,,,,,,,,
202607062130,1.123,,,,,,,,
202607062136,1.118,,,,,,,,
202607062142,1.113,,,,,,,,
202607062148,1.108,,,,,,,,
202607062154,1.102,,,,,,,,
202607062200,1.096,,0.400,0.005,1.501,0.300,1.401,0.500,1.601
202607062206,1.090,,,,,,,,
202607062212,1.084,,,,,,,,
202607062218,1.077,,,,,,,,
202607062224,1.070,,,,,,,,
202607062230,1.062,,,,,,,,
202607062236,1.055,,,,,,,,
202607062242,1.047,,,,,,,,
202607062248,1.039,,,,,,,,
202607062254,1.031,,,,,,,,
202607062300,1.023,,0.400,0.005,1.428,0.300,1.328,0.500,1.528
202607062306,1.015,,,,,,,,
202607062312,1.007,,,,,,,,
202607062318,0.998,,,,,,,,
202607062324,0.990,,,,,,,,
202607062330,0.981,,,,,,,,
202607062336,0.973,,,,,,,,
202607062342,0.965,,,,,,,,
202607062348,0.956,,,,,,,,
202607062354,0.948,,,,,,,,
202607070000,0.940,,0.400,0.005,1.345,0.300,1.245,0.500,1.445
202607070006,0.932,,,,,,,,
202607070012,0.924,,,,,,,,
202607070018,0.916,,,,,,,,
202607070024,0.908,,,,,,,,
202607070030,0.900,,,,,,,,
202607070036,0.893,,,,,,,,
202607070042,0.885,,,,,,,,
202607070048,0.878,,,,,,,,
202607070054,0.871,,,,,,,,
202607070100,0.864,,0.400,0.005,1.269,0.200,1.069,0.500,1.369
202607070106,0.857,,,,,,,,
202607070112,0.850,,,,,,,,
202607070118,0.844,,,,,,,,
202607070124,0.837,,,,,,,,
202607070130,0.830,,,,,,,,
202607070136,0.824,,,,,,,,
202607070142,0.818,,,,,,,,
202607070148,0.812,,,,,,,,
202607070154,0.805,,,,,,,,
202607070200,0.799,,0.400,0.005,1.204,0.200,1.004,0.500,1.304
202607070206,0.793,,,,,,,,
202607070212,0.788,,,,,,,,
202607070218,0.782,,,,,,,,
202607070224,0.776,,,,,,,,
202607070230,0.771,,,,,,,,
202607070236,0.765,,,,,,,,
202607070242,0.760,,,,,,,,
202607070248,0.755,,,,,,,,
202607070254,0.750,,,,,,,,
202607070300,0.746,,0.400,0.005,1.151,0.200,0.951,0.500,1.251
202607070306,0.741,,,,,,,,
202607070312,0.737,,,,,,,,
202607070318,0.733,,,,,,,,
202607070324,0.729,,,,,,,,
202607070330,0.726,,,,,,,,
202607070336,0.723,,,,,,,,
202607070342,0.721,,,,,,,,
202607070348,0.719,,,,,,,,
202607070354,0.717,,,,,,,,
202607070400,0.716,,0.400,0.005,1.121,0.300,1.021,0.500,1.221
202607070406,0.715,,,,,,,,
202607070412,0.715,,,,,,,,
202607070418,0.715,,,,,,,,
202607070424,0.716,,,,,,,,
202607070430,0.717,,,,,,,,
202607070436,0.719,,,,,,,,
202607070442,0.721,,,,,,,,
202607070448,0.724,,,,,,,,
202607070454,0.728,,,,,,,,
202607070500,0.732,,0.300,0.005,1.037,0.300,1.037,0.400,1.137
202607070506,0.736,,,,,,,,
202607070512,0.742,,,,,,,,
202607070518,0.747,,,,,,,,
202607070524,0.754,,,,,,,,
202607070530,0.760,,,,,,,,
202607070536,0.768,,,,,,,,
202607070542,0.776,,,,,,,,
202607070548,0.784,,,,,,,,
202607070554,0.793,,,,,,,,
202607070600,0.802,,0.300,0.005,1.107,0.200,1.007,0.400,1.207
202607070606,0.812,,,,,,,,
202607070612,0.822,,,,,,,,
202607070618,0.832,,,,,,,,
202607070624,0.843,,,,,,,,
202607070630,0.854,,,,,,,,
202607070636,0.866,,,,,,,,
202607070642,0.877,,,,,,,,
202607070648,0.890,,,,,,,,
202607070654,0.902,,,,,,,,
202607070700,0.914,,0.300,0.005,1.219,0.200,1.119,0.400,1.319
202607070706,0.927,,,,,,,,
202607070712,0.940,,,,,,,,
202607070718,0.953,,,,,,,,
202607070724,0.966,,,,,,,,
202607070730,0.980,,,,,,,,
202607070736,0.993,,,,,,,,
202607070742,1.006,,,,,,,,
202607070748,1.020,,,,,,,,
202607070754,1.033,,,,,,,,
202607070800,1.047,,0.300,0.005,1.352,0.200,1.252,0.300,1.352
202607070806,1.060,,,,,,,,
202607070812,1.074,,,,,,,,
202607070818,1.087,,,,,,,,
202607070824,1.100,,,,,,,,
202607070830,1.114,,,,,,,,
202607070836,1.126,,,,,,,,
202607070842,1.139,,,,,,,,
202607070848,1.152,,,,,,,,
202607070854,1.164,,,,,,,,
202607070900,1.176,,0.300,0.005,1.481,0.200,1.381,0.300,1.481
202607070906,1.188,,,,,,,,
202607070912,1.199,,,,,,,,
202607070918,1.210,,,,,,,,
202607070924,1.221,,,,,,,,
202607070930,1.231,,,,,,,,
202607070936,1.241,,,,,,,,
202607070942,1.250,,,,,,,,
202607070948,1.259,,,,,,,,
202607070954,1.268,,,,,,,,
202607071000,1.276,,0.200,0.005,1.481,0.100,1.381,0.300,1.581
202607071006,1.283,,,,,,,,
202607071012,1.290,,,,,,,,
202607071018,1.297,,,,,,,,
202607071024,1.303,,,,,,,,
202607071030,1.308,,,,,,,,
202607071036,1.313,,,,,,,,
202607071042,1.317,,,,,,,,
202607071048,1.321,,,,,,,,
202607071054,1.325,,,,,,,,
202607071100,1.327,,0.200,0.005,1.532,0.100,1.432,0.300,1.632
202607071106,1.330,,,,,,,,
202607071112,1.332,,,,,,,,
202607071118,1.333,,,,,,,,
202607071124,1.334,,,,,,,,
202607071130,1.334,,,,,,,,
202607071136,1.335,,,,,,,,
202607071142,1.334,,,,,,,,
202607071148,1.334,,,,,,,,
202607071154,1.333,,,,,,,,
202607071200,1.331,,0.200,0.005,1.536,0.100,1.436,0.300,1.636
202607071206,1.330,,,,,,,,
202607071212,1.328,,,,,,,,
202607071218,1.325,,,,,,,,
202607071224,1.323,,,,,,,,
202607071230,1.320,,,,,,,,
202607071236,1.317,,,,,,,,
202607071242,1.314,,,,,,,,
202607071248,1.310,,,,,,,,
202607071254,1.307,,,,,,,,
202607071300,1.303,,0.200,0.005,1.508,0.100,1.408,0.300,1.608
202607071306,1.298,,,,,,,,
202607071312,1.294,,,,,,,,
202607071318,1.290,,,,,,,,
202607071324,1.285,,,,,,,,
202607071330,1.280,,,,,,,,
202607071336,1.275,,,,,,,,
202607071342,1.269,,,,,,,,
202607071348,1.263,,,,,,,,
202607071354,1.258,,,,,,,,
202607071400,1.251,,0.200,0.005,1.456,0.100,1.356,0.300,1.556
202607071406,1.245,,,,,,,,
202607071412,1.238,,,,,,,,
202607071418,1.232,,,,,,,,
202607071424,1.225,,,,,,,,
202607071430,1.217,,,,,,,,
202607071436,1.210,,,,,,,,
202607071442,1.202,,,,,,,,
202607071448,1.194,,,,,,,,
202607071454,1.186,,,,,,,,
202607071500,1.177,,0.200,0.005,1.382,0.100,1.282,0.300,1.482
202607071506,1.169,,,,,,,,
202607071512,1.160,,,,,,,,
202607071518,1.151,,,,,,,,
202607071524,1.142,,,,,,,,
202607071530,1.133,,,,,,,,
202607071536,1.123,,,,,,,,
202607071542,1.114,,,,,,,,
202607071548,1.105,,,,,,,,
202607071554,1.095,,,,,,,,
202607071600,1.086,,0.200,0.005,1.291,0.100,1.191,0.300,1.391
202607071606,1.076,,,,,,,,
202607071612,1.067,,,,,,,,
202607071618,1.058,,,,,,,,
202607071624,1.048,,,,,,,,
202607071630,1.039,,,,,,,,
202607071636,1.030,,,,,,,,
202607071642,1.021,,,,,,,,
202607071648,1.013,,,,,,,,
202607071654,1.004,,,,,,,,
202607071700,0.996,,0.200,0.005,1.201,0.100,1.101,0.300,1.301
202607071706,0.988,,,,,,,,
202607071712,0.980,,,,,,,,
202607071718,0.972,,,,,,,,
202607071724,0.965,,,,,,,,
202607071730,0.958,,,,,,,,
202607071736,0.951,,,,,,,,
202607071742,0.944,,,,,,,,
202607071748,0.937,,,,,,,,
202607071754,0.931,,,,,,,,
202607071800,0.925,,0.200,0.005,1.130,0.100,1.030,0.300,1.230
202607071806,0.919,,,,,,,,
202607071812,0.914,,,,,,,,
202607071818,0.908,,,,,,,,
202607071824,0.903,,,,,,,,
202607071830,0.898,,,,,,,,
202607071836,0.893,,,,,,,,
202607071842,0.888,,,,,,,,
202607071848,0.883,,,,,,,,
202607071854,0.879,,,,,,,,
202607071900,0.874,,0.200,0.005,1.079,0.100,0.979,0.300,1.179
202607071906,0.870,,,,,,,,
202607071912,0.866,,,,,,,,
202607071918,0.862,,,,,,,,
202607071924,0.858,,,,,,,,
202607071930,0.854,,,,,,,,
202607071936,0.850,,,,,,,,
202607071942,0.847,,,,,,,,
202607071948,0.843,,,,,,,,
202607071954,0.840,,,,,,,,
202607072000,0.836,,0.200,0.005,1.041,0.100,0.941,0.300,1.141
202607072006,0.833,,,,,,,,
202607072012,0.829,,,,,,,,
202607072018,0.826,,,,,,,,
202607072024,0.823,,,,,,,,
202607072030,0.820,,,,,,,,
202607072036,0.816,,,,,,,,
202607072042,0.813,,,,,,,,
202607072048,0.810,,,,,,,,
202607072054,0.807,,,,,,,,
202607072100,0.804,,0.200,0.005,1.009,0.100,0.909,0.300,1.109
202607072106,0.801,,,,,,,,
202607072112,0.798,,,,,,,,
202607072118,0.794,,,,,,,,
202607072124,0.791,,,,,,,,
202607072130,0.788,,,,,,,,
202607072136,0.785,,,,,,,,
202607072142,0.782,,,,,,,,
202607072148,0.778,,,,,,,,
202607072154,0.775,,,,,,,,
202607072200,0.772,,0.300,0.005,1.077,0.200,0.977,0.300,1.077
202607072206,0.768,,,,,,,,
202607072212,0.765,,,,,,,,
202607072218,0.761,,,,,,,,
202607072224,0.757,,,,,,,,
202607072230,0.754,,,,,,,,
202607072236,0.750,,,,,,,,
202607072242,0.746,,,,,,,,
202607072248,0.743,,,,,,,,
202607072254,0.739,,,,,,,,
202607072300,0.735,,0.300,0.005,1.040,0.200,0.940,0.400,1.140
202607072306,0.732,,,,,,,,
202607072312,0.728,,,,,,,,
202607072318,0.724,,,,,,,,
202607072324,0.721,,,,,,,,
202607072330,0.717,,,,,,,,
202607072336,0.714,,,,,,,,
202607072342,0.711,,,,,,,,
202607072348,0.708,,,,,,,,
202607072354,0.705,,,,,,,,
202607080000,0.703,,0.300,0.005,1.008,0.200,0.908,0.400,1.108
202607080006,0.701,,,,,,,,
202607080012,0.699,,,,,,,,
202607080018,0.697,,,,,,,,
202607080024,0.695,,,,,,,,
202607080030,0.694,,,,,,,,
202607080036,0.694,,,,,,,,
202607080042,0.693,,,,,,,,
202607080048,0.693,,,,,,,,
202607080054,0.693,,,,,,,,
202607080100,0.694,,0.300,0.005,0.999,0.200,0.899,0.400,1.099
202607080106,0.695,,,,,,,,
202607080112,0.697,,,,,,,,
202607080118,0.699,,,,,,,,
202607080124,0.701,,,,,,,,
202607080130,0.703,,,,,,,,
202607080136,0.706,,,,,,,,
202607080142,0.709,,,,,,,,
202607080148,0.713,,,,,,,,
202607080154,0.717,,,,,,,,
202607080200,0.721,,0.300,0.005,1.026,0.200,0.926,0.400,1.126
202607080206,0.725,,,,,,,,
202607080212,0.730,,,,,,,,
202607080218,0.735,,,,,,,,
202607080224,0.740,,,,,,,,
202607080230,0.745,,,,,,,,
202607080236,0.750,,,,,,,,
202607080242,0.756,,,,,,,,
202607080248,0.761,,,,,,,,
202607080254,0.767,,,,,,,,
202607080300,0.772,,0.300,0.005,1.077,0.200,0.977,0.400,1.177
202607080306,0.778,,,,,,,,
202607080312,0.784,,,,,,,,
202607080318,0.790,,,,,,,,
202607080324,0.796,,,,,,,,
202607080330,0.802,,,,,,,,
202607080336,0.808,,,,,,,,
202607080342,0.813,,,,,,,,
202607080348,0.819,,,,,,,,
202607080354,0.826,,,,,,,,
202607080400,0.832,,0.300,0.005,1.137,0.200,1.037,0.400,1.237
202607080406,0.838,,,,,,,,
202607080412,0.844,,,,,,,,
202607080418,0.850,,,,,,,,
202607080424,0.857,,,,,,,,
202607080430,0.863,,,,,,,,
202607080436,0.870,,,,,,,,
202607080442,0.877,,,,,,,,
202607080448,0.884,,,,,,,,
202607080454,0.891,,,,,,,,
202607080500,0.898,,0.300,0.005,1.203,0.200,1.103,0.400,1.303
202607080506,0.906,,,,,,,,
202607080512,0.914,,,,,,,,
202607080518,0.922,,,,,,,,
202607080524,0.931,,,,,,,,
202607080530,0.939,,,,,,,,
202607080536,0.948,,,,,,,,
202607080542,0.958,,,,,,,,
202607080548,0.967,,,,,,,,
202607080554,0.977,,,,,,,,
202607080600,0.987,,0.200,0.005,1.192,0.100,1.092,0.300,1.292
202607080606,0.998,,,,,,,,
202607080612,1.009,,,,,,,,
202607080618,1.020,,,,,,,,
202607080624,1.032,,,,,,,,
202607080630,1.044,,,,,,,,
202607080636,1.056,,,,,,,,
202607080642,1.068,,,,,,,,
202607080648,1.081,,,,,,,,
202607080654,1.094,,,,,,,,
202607080700,1.107,,0.200,0.005,1.312,0.100,1.212,0.300,1.412
202607080706,1.121,,,,,,,,
202607080712,1.134,,,,,,,,
202607080718,1.148,,,,,,,,
202607080724,1.162,,,,,,,,
202607080730,1.177,,,,,,,,
202607080736,1.191,,,,,,,,
202607080742,1.205,,,,,,,,
202607080748,1.220,,,,,,,,
202607080754,1.235,,,,,,,,
202607080800,1.250,,0.200,0.005,1.455,0.100,1.355,0.300,1.555
202607080806,1.265,,,,,,,,
202607080812,1.280,,,,,,,,
202607080818,1.294,,,,,,,,
202607080824,1.309,,,,,,,,
202607080830,1.324,,,,,,,,
202607080836,1.339,,,,,,,,
202607080842,1.353,,,,,,,,
202607080848,1.368,,,,,,,,
202607080854,1.382,,,,,,,,
202607080900,1.396,,0.200,0.005,1.601,0.100,1.501,0.300,1.701
202607080906,1.410,,,,,,,,
202607080912,1.424,,,,,,,,
202607080918,1.437,,,,,,,,
202607080924,1.450,,,,,,,,
202607080930,1.463,,,,,,,,
202607080936,1.475,,,,,,,,
202607080942,1.487,,,,,,,,
202607080948,1.498,,,,,,,,
202607080954,1.509,,,,,,,,
202607081000,1.519,,0.100,0.005,1.624,0.000,1.524,0.300,1.824
202607081006,1.529,,,,,,,,
202607081012,1.538,,,,,,,,
202607081018,1.546,,,,,,,,
202607081024,1.554,,,,,,,,
202607081030,1.562,,,,,,,,
202607081036,1.568,,,,,,,,
202607081042,1.574,,,,,,,,
202607081048,1.579,,,,,,,,
202607081054,1.583,,,,,,,,
202607081100,1.587,,0.100,0.005,1.692,0.000,1.592,0.300,1.892
202607081106,1.590,,,,,,,,
202607081112,1.592,,,,,,,,
202607081118,1.593,,,,,,,,
202607081124,1.594,,,,,,,,
202607081130,1.594,,,,,,,,
202607081136,1.593,,,,,,,,
202607081142,1.591,,,,,,,,
202607081148,1.589,,,,,,,,
202607081154,1.586,,,,,,,,
202607081200,1.583,,0.100,0.005,1.688,0.000,1.588,0.300,1.888
