TIME,TIDE,OB,SURGE,BIAS,TWL,SURGE90p,TWL90p,SURGE10p,TWL10p
202609261200,0.958,,0.600,,1.558,0.600,1.558,0.600,1.558
202609261206,0.961,,,,,,,,
202609261212,0.963,,,,,,,,
202609261218,0.966,,,,,,,,
202609261224,0.969,,,,,,,,
202609261230,0.972,,,,,,,,
202609261236,0.975,,,,,,,,
202609261242,0.978,,,,,,,,
202609261248,0.981,,,,,,,,
202609261254,0.984,,,,,,,,
202609261300,0.987,1.400,0.600,-0.187,1.400,0.600,1.400,0.600,1.400
202609261306,0.991,1.420,,,,,,,
202609261312,0.994,1.420,,,,,,,
202609261318,0.998,1.420,,,,,,,
202609261324,1.001,1.420,,,,,,,
202609261330,1.005,1.439,,,,,,,
202609261336,1.009,1.420,,,,,,,
202609261342,1.013,1.449,,,,,,,
202609261348,1.017,1.439,,,,,,,
202609261354,1.022,1.449,,,,,,,
202609261400,1.026,1.449,0.600,-0.177,1.449,0.600,1.449,0.600,1.449
202609261406,1.030,1.449,,,,,,,
202609261412,1.035,1.459,,,,,,,
202609261418,1.040,1.449,,,,,,,
202609261424,1.045,1.459,,,,,,,
202609261430,1.050,1.459,,,,,,,
202609261436,1.055,1.449,,,,,,,
202609261442,1.061,1.479,,,,,,,
202609261448,1.066,1.489,,,,,,,
202609261454,1.072,1.498,,,,,,,
202609261500,1.078,1.498,0.600,-0.180,1.498,0.600,1.498,0.600,1.498
202609261506,1.084,1.489,,,,,,,
202609261512,1.089,1.498,,,,,,,
202609261518,1.095,1.498,,,,,,,
202609261524,1.102,1.508,,,,,,,
202609261530,1.108,1.518,,,,,,,
202609261536,1.114,1.518,,,,,,,
202609261542,1.120,1.518,,,,,,,
202609261548,1.126,1.518,,,,,,,
202609261554,1.132,1.518,,,,,,,
202609261600,1.138,1.528,0.600,-0.210,1.528,0.500,1.428,0.600,1.528
202609261606,1.143,1.528,,,,,,,
202609261612,1.149,1.528,,,,,,,
202609261618,1.155,1.538,,,,,,,
202609261624,1.160,1.528,,,,,,,
202609261630,1.165,1.548,,,,,,,
202609261636,1.170,1.538,,,,,,,
202609261642,1.175,1.557,,,,,,,
202609261648,1.179,1.557,,,,,,,
202609261654,1.184,1.548,,,,,,,
202609261700,1.188,1.571,0.600,-0.217,1.571,0.500,1.471,0.600,1.571
202609261706,1.192,1.557,,,,,,,
202609261712,1.195,1.571,,,,,,,
202609261718,1.199,1.557,,,,,,,
202609261724,1.202,1.571,,,,,,,
202609261730,1.205,1.620,,,,,,,
202609261736,1.207,1.518,,,,,,,
202609261742,1.210,1.590,,,,,,,
202609261748,1.212,1.557,,,,,,,
202609261754,1.214,1.548,,,,,,,
202609261800,1.215,1.548,0.500,-0.167,1.548,0.500,1.548,0.500,1.548
202609261806,1.217,1.580,,,,,,,
202609261812,1.218,1.580,,,,,,,
202609261818,1.219,1.580,,,,,,,
202609261824,1.219,1.557,,,,,,,
202609261830,1.220,1.600,,,,,,,
202609261836,1.220,1.557,,,,,,,
202609261842,1.221,1.590,,,,,,,
202609261848,1.221,1.580,,,,,,,
202609261854,1.220,1.590,,,,,,,
202609261900,1.220,1.600,0.500,-0.120,1.600,0.500,1.600,0.500,1.600
202609261906,1.220,1.600,,,,,,,
202609261912,1.219,1.600,,,,,,,
202609261918,1.218,1.590,,,,,,,
202609261924,1.217,1.580,,,,,,,
202609261930,1.216,1.600,,,,,,,
202609261936,1.215,1.580,,,,,,,
202609261942,1.214,1.580,,,,,,,
202609261948,1.213,1.600,,,,,,,
202609261954,1.211,1.580,,,,,,,
202609262000,1.210,1.580,0.500,-0.130,1.580,0.500,1.580,0.500,1.580
202609262006,1.208,1.580,,,,,,,
202609262012,1.206,1.590,,,,,,,
202609262018,1.205,1.590,,,,,,,
202609262024,1.203,1.580,,,,,,,
202609262030,1.201,1.557,,,,,,,
202609262036,1.199,1.557,,,,,,,
202609262042,1.197,1.538,,,,,,,
202609262048,1.195,1.557,,,,,,,
202609262054,1.193,1.557,,,,,,,
202609262100,1.191,1.557,0.500,-0.134,1.557,0.500,1.557,0.500,1.557
202609262106,1.189,1.548,,,,,,,
202609262112,1.187,1.528,,,,,,,
202609262118,1.185,1.548,,,,,,,
202609262124,1.183,1.538,,,,,,,
202609262130,1.181,1.528,,,,,,,
202609262136,1.179,1.528,,,,,,,
202609262142,1.178,1.538,,,,,,,
202609262148,1.176,1.528,,,,,,,
202609262154,1.175,1.528,,,,,,,
202609262200,1.173,1.528,0.600,-0.245,1.528,0.600,1.528,0.600,1.528
202609262206,1.172,1.528,,,,,,,
202609262212,1.171,1.518,,,,,,,
202609262218,1.171,1.498,,,,,,,
202609262224,1.170,1.489,,,,,,,
202609262230,1.170,1.479,,,,,,,
202609262236,1.170,1.489,,,,,,,
202609262242,1.170,1.489,,,,,,,
202609262248,1.170,1.498,,,,,,,
202609262254,1.170,1.489,,,,,,,
202609262300,1.171,1.469,0.600,-0.302,1.469,0.600,1.469,0.600,1.469
202609262306,1.171,1.489,,,,,,,
202609262312,1.172,1.489,,,,,,,
202609262318,1.173,1.508,,,,,,,
202609262324,1.175,1.479,,,,,,,
202609262330,1.176,1.469,,,,,,,
202609262336,1.177,1.479,,,,,,,
202609262342,1.179,1.469,,,,,,,
202609262348,1.181,1.479,,,,,,,
202609262354,1.182,1.489,,,,,,,
202609270000,1.184,1.489,0.600,-0.295,1.489,0.600,1.489,0.600,1.489
202609270006,1.186,1.498,,,,,,,
202609270012,1.188,1.498,,,,,,,
202609270018,1.190,1.498,,,,,,,
202609270024,1.192,1.489,,,,,,,
202609270030,1.194,1.498,,,,,,,
202609270036,1.196,1.489,,,,,,,
202609270042,1.197,1.489,,,,,,,
202609270048,1.199,1.489,,,,,,,
202609270054,1.201,1.498,,,,,,,
202609270100,1.203,1.489,0.600,-0.314,1.489,0.600,1.489,0.600,1.489
202609270106,1.204,1.498,,,,,,,
202609270112,1.206,1.489,,,,,,,
202609270118,1.207,1.489,,,,,,,
202609270124,1.209,1.498,,,,,,,
202609270130,1.210,1.498,,,,,,,
202609270136,1.212,1.489,,,,,,,
202609270142,1.213,1.498,,,,,,,
202609270148,1.214,1.508,,,,,,,
202609270154,1.216,1.508,,,,,,,
202609270200,1.217,1.508,0.600,-0.309,1.508,0.600,1.508,0.600,1.508
202609270206,1.218,1.508,,,,,,,
202609270212,1.220,1.508,,,,,,,
202609270218,1.221,1.518,,,,,,,
202609270224,1.222,1.508,,,,,,,
202609270230,1.224,1.518,,,,,,,
202609270236,1.225,1.528,,,,,,,
202609270242,1.226,1.508,,,,,,,
202609270248,1.228,1.528,,,,,,,
202609270254,1.229,1.518,,,,,,,
202609270300,1.231,1.528,0.600,-0.303,1.528,0.600,1.528,0.600,1.528
202609270306,1.233,1.528,,,,,,,
202609270312,1.234,1.528,,,,,,,
202609270318,1.236,1.528,,,,,,,
202609270324,1.237,1.548,,,,,,,
202609270330,1.239,1.548,,,,,,,
202609270336,1.241,1.557,,,,,,,
202609270342,1.242,1.557,,,,,,,
202609270348,1.244,1.548,,,,,,,
202609270354,1.245,1.557,,,,,,,
202609270400,1.246,1.571,0.600,-0.275,1.571,0.600,1.571,0.600,1.571
202609270406,1.248,1.548,,,,,,,
202609270412,1.249,1.571,,,,,,,
202609270418,1.249,1.571,,,,,,,
202609270424,1.250,1.548,,,,,,,
202609270430,1.251,1.557,,,,,,,
202609270436,1.251,1.571,,,,,,,
202609270442,1.251,1.557,,,,,,,
202609270448,1.251,1.548,,,,,,,
202609270454,1.250,1.557,,,,,,,
202609270500,1.249,1.557,0.600,-0.292,1.557,0.600,1.557,0.600,1.557
202609270506,1.248,1.571,,,,,,,
202609270512,1.246,1.548,,,,,,,
202609270518,1.244,1.580,,,,,,,
202609270524,1.242,1.571,,,,,,,
202609270530,1.239,1.538,,,,,,,
202609270536,1.236,1.538,,,,,,,
202609270542,1.233,1.538,,,,,,,
202609270548,1.229,1.538,,,,,,,
202609270554,1.225,1.528,,,,,,,
202609270600,1.220,1.538,0.600,-0.282,1.538,0.600,1.538,0.600,1.538
202609270606,1.215,1.528,,,,,,,
202609270612,1.210,1.508,,,,,,,
202609270618,1.204,1.489,,,,,,,
202609270624,1.198,1.508,,,,,,,
202609270630,1.191,1.508,,,,,,,
202609270636,1.184,1.508,,,,,,,
202609270642,1.177,1.489,,,,,,,
202609270648,1.170,1.489,,,,,,,
202609270654,1.162,1.459,,,,,,,
202609270700,1.154,1.469,0.600,-0.285,1.469,0.600,1.469,0.600,1.469
202609270706,1.146,1.459,,,,,,,
202609270712,1.137,1.479,,,,,,,
202609270718,1.128,1.459,,,,,,,
202609270724,1.119,1.439,,,,,,,
202609270730,1.110,1.420,,,,,,,
202609270736,1.100,1.420,,,,,,,
202609270742,1.091,1.400,,,,,,,
202609270748,1.081,1.390,,,,,,,
202609270754,1.071,1.380,,,,,,,
202609270800,1.061,1.348,0.600,-0.313,1.348,0.600,1.348,0.600,1.348
202609270806,1.050,1.361,,,,,,,
202609270812,1.040,1.328,,,,,,,
202609270818,1.030,1.328,,,,,,,
202609270824,1.019,1.308,,,,,,,
202609270830,1.008,1.308,,,,,,,
202609270836,0.998,1.289,,,,,,,
202609270842,0.987,1.259,,,,,,,
202609270848,0.976,1.249,,,,,,,
202609270854,0.966,1.269,,,,,,,
202609270900,0.955,1.229,0.600,-0.326,1.229,0.600,1.229,0.600,1.229
202609270906,0.944,1.249,,,,,,,
202609270912,0.934,1.249,,,,,,,
202609270918,0.923,1.210,,,,,,,
202609270924,0.913,1.180,,,,,,,
202609270930,0.903,1.190,,,,,,,
202609270936,0.892,1.170,,,,,,,
202609270942,0.883,1.190,,,,,,,
202609270948,0.873,1.190,,,,,,,
202609270954,0.863,1.190,,,,,,,
202609271000,0.854,1.180,0.600,-0.274,1.180,0.600,1.180,0.600,1.180
202609271006,0.845,1.138,,,,,,,
202609271012,0.837,1.151,,,,,,,
202609271018,0.828,1.138,,,,,,,
202609271024,0.820,1.128,,,,,,,
202609271030,0.813,1.118,,,,,,,
202609271036,0.805,1.108,,,,,,,
202609271042,0.798,1.118,,,,,,,
202609271048,0.792,1.069,,,,,,,
202609271054,0.786,1.079,,,,,,,
202609271100,0.780,1.108,0.600,-0.272,1.108,0.600,1.108,0.600,1.108
202609271106,0.775,1.088,,,,,,,
202609271112,0.770,1.108,,,,,,,
202609271118,0.765,1.098,,,,,,,
202609271124,0.761,1.098,,,,,,,
202609271130,0.758,1.088,,,,,,,
202609271136,0.755,1.108,,,,,,,
202609271142,0.752,1.088,,,,,,,
202609271148,0.749,1.098,,,,,,,
202609271154,0.747,1.108,,,,,,,
202609271200,0.746,1.108,0.500,-0.138,1.108,0.500,1.108,0.500,1.108
202609271206,0.744,1.088,,,,,,,
202609271212,0.743,1.098,,,,,,,
202609271218,0.743,1.088,,,,,,,
202609271224,0.743,1.069,,,,,,,
202609271230,0.743,1.069,,,,,,,
202609271236,0.743,1.079,,,,,,,
202609271242,0.743,1.079,,,,,,,
202609271248,0.744,1.069,,,,,,,
202609271254,0.745,1.069,,,,,,,
202609271300,0.747,1.088,0.500,-0.159,1.088,0.500,1.088,0.500,1.088
202609271306,0.748,1.049,,,,,,,
202609271312,0.750,1.079,,,,,,,
202609271318,0.752,1.069,,,,,,,
202609271324,0.754,1.098,,,,,,,
202609271330,0.757,1.088,,,,,,,
202609271336,0.759,1.098,,,,,,,
202609271342,0.762,1.088,,,,,,,
202609271348,0.765,1.079,,,,,,,
202609271354,0.768,1.088,,,,,,,
202609271400,0.772,1.079,0.500,-0.193,1.079,0.500,1.079,0.500,1.079
202609271406,0.775,1.098,,,,,,,
202609271412,0.779,1.098,,,,,,,
202609271418,0.784,1.098,,,,,,,
202609271424,0.788,1.118,,,,,,,
202609271430,0.793,1.108,,,,,,,
202609271436,0.798,1.128,,,,,,,
202609271442,0.803,1.138,,,,,,,
202609271448,0.808,1.161,,,,,,,
202609271454,0.814,1.170,,,,,,,
202609271500,0.820,1.161,0.500,-0.159,1.161,0.500,1.161,0.500,1.161
202609271506,0.827,1.180,,,,,,,
202609271512,0.833,1.190,,,,,,,
202609271518,0.840,1.180,,,,,,,
202609271524,0.848,1.200,,,,,,,
202609271530,0.855,1.220,,,,,,,
202609271536,0.863,1.229,,,,,,,
202609271542,0.871,1.239,,,,,,,
202609271548,0.879,1.239,,,,,,,
202609271554,0.888,1.259,,,,,,,
202609271600,0.897,1.269,0.500,-0.128,1.269,0.500,1.269,0.500,1.269
202609271606,0.906,1.259,,,,,,,
202609271612,0.915,1.308,,,,,,,
202609271618,0.924,1.298,,,,,,,
202609271624,0.934,1.318,,,,,,,
202609271630,0.944,1.338,,,,,,,
202609271636,0.953,1.338,,,,,,,
202609271642,0.963,1.348,,,,,,,
202609271648,0.973,1.361,,,,,,,
202609271654,0.983,1.348,,,,,,,
202609271700,0.992,1.371,0.500,-0.121,1.371,0.500,1.371,0.500,1.371
202609271706,1.002,1.390,,,,,,,
202609271712,1.012,1.390,,,,,,,
202609271718,1.022,1.410,,,,,,,
202609271724,1.031,1.410,,,,,,,
202609271730,1.041,1.420,,,,,,,
202609271736,1.050,1.410,,,,,,,
202609271742,1.059,1.430,,,,,,,
202609271748,1.068,1.459,,,,,,,
202609271754,1.076,1.469,,,,,,,
202609271800,1.085,1.469,0.500,-0.116,1.469,0.400,1.369,0.500,1.469
202609271806,1.093,1.498,,,,,,,
202609271812,1.101,1.528,,,,,,,
202609271818,1.109,1.508,,,,,,,
202609271824,1.117,1.528,,,,,,,
202609271830,1.124,1.528,,,,,,,
202609271836,1.131,1.538,,,,,,,
202609271842,1.138,1.528,,,,,,,
202609271848,1.145,1.548,,,,,,,
202609271854,1.151,1.580,,,,,,,
202609271900,1.158,1.590,0.500,-0.068,1.590,0.400,1.490,0.500,1.590
202609271906,1.164,1.580,,,,,,,
202609271912,1.170,1.590,,,,,,,
202609271918,1.175,1.590,,,,,,,
202609271924,1.181,1.590,,,,,,,
202609271930,1.186,1.639,,,,,,,
202609271936,1.192,1.630,,,,,,,
202609271942,1.197,1.639,,,,,,,
202609271948,1.201,1.610,,,,,,,
202609271954,1.206,1.639,,,,,,,
202609272000,1.211,1.620,0.500,-0.091,1.620,0.500,1.620,0.500,1.620
202609272006,1.215,1.649,,,,,,,
202609272012,1.220,1.659,,,,,,,
202609272018,1.224,1.689,,,,,,,
202609272024,1.228,1.669,,,,,,,
202609272030,1.232,1.679,,,,,,,
202609272036,1.236,1.689,,,,,,,
202609272042,1.240,1.728,,,,,,,
202609272048,1.244,1.718,,,,,,,
202609272054,1.247,1.728,,,,,,,
202609272100,1.251,1.728,0.500,-0.023,1.728,0.500,1.728,0.500,1.728
202609272106,1.254,1.718,,,,,,,
202609272112,1.258,1.728,,,,,,,
202609272118,1.261,1.738,,,,,,,
202609272124,1.265,1.758,,,,,,,
202609272130,1.268,1.738,,,,,,,
202609272136,1.271,1.767,,,,,,,
202609272142,1.274,1.781,,,,,,,
202609272148,1.278,1.767,,,,,,,
202609272154,1.281,1.758,,,,,,,
202609272200,1.284,1.781,0.500,-0.003,1.781,0.500,1.781,0.500,1.781
202609272206,1.288,1.758,,,,,,,
202609272212,1.291,1.767,,,,,,,
202609272218,1.294,1.781,,,,,,,
202609272224,1.298,1.781,,,,,,,
202609272230,1.301,1.781,,,,,,,
202609272236,1.305,1.781,,,,,,,
202609272242,1.308,1.810,,,,,,,
202609272248,1.312,1.790,,,,,,,
202609272254,1.316,1.781,,,,,,,
202609272300,1.320,1.767,0.500,-0.053,1.767,0.500,1.767,0.600,1.867
202609272306,1.324,1.781,,,,,,,
202609272312,1.328,1.781,,,,,,,
202609272318,1.332,1.790,,,,,,,
202609272324,1.336,1.830,,,,,,,
202609272330,1.340,1.820,,,,,,,
202609272336,1.345,1.790,,,,,,,
202609272342,1.349,1.820,,,,,,,
202609272348,1.354,1.810,,,,,,,
202609272354,1.358,1.820,,,,,,,
202609280000,1.363,1.820,0.600,-0.143,1.820,0.600,1.820,0.600,1.820
202609280006,1.368,1.830,,,,,,,
202609280012,1.372,1.820,,,,,,,
202609280018,1.377,1.810,,,,,,,
202609280024,1.382,1.840,,,,,,,
202609280030,1.386,1.830,,,,,,,
202609280036,1.391,1.840,,,,,,,
202609280042,1.395,1.849,,,,,,,
202609280048,1.400,1.869,,,,,,,
202609280054,1.404,1.879,,,,,,,
202609280100,1.408,1.869,0.600,-0.139,1.869,0.600,1.869,0.600,1.869
202609280106,1.412,1.869,,,,,,,
202609280112,1.416,1.879,,,,,,,
202609280118,1.419,1.869,,,,,,,
202609280124,1.423,1.889,,,,,,,
202609280130,1.426,1.869,,,,,,,
202609280136,1.429,1.889,,,,,,,
202609280142,1.432,1.859,,,,,,,
202609280148,1.435,1.859,,,,,,,
202609280154,1.437,1.879,,,,,,,
202609280200,1.439,1.899,0.600,-0.140,1.899,0.600,1.899,0.600,1.899
202609280206,1.441,1.889,,,,,,,
202609280212,1.443,1.908,,,,,,,
202609280218,1.445,1.908,,,,,,,
202609280224,1.446,1.908,,,,,,,
202609280230,1.447,1.908,,,,,,,
202609280236,1.448,1.899,,,,,,,
202609280242,1.449,1.918,,,,,,,
202609280248,1.450,1.908,,,,,,,
202609280254,1.450,1.899,,,,,,,
202609280300,1.450,1.899,0.600,-0.151,1.899,0.600,1.899,0.600,1.899
202609280306,1.451,1.899,,,,,,,
202609280312,1.451,1.889,,,,,,,
202609280318,1.451,1.899,,,,,,,
202609280324,1.451,1.899,,,,,,,
202609280330,1.451,1.899,,,,,,,
202609280336,1.451,1.869,,,,,,,
202609280342,1.450,1.889,,,,,,,
202609280348,1.450,1.869,,,,,,,
202609280354,1.449,1.889,,,,,,,
202609280400,1.449,1.889,0.600,-0.160,1.889,0.600,1.889,0.600,1.889
202609280406,1.448,1.869,,,,,,,
202609280412,1.447,1.869,,,,,,,
202609280418,1.446,1.859,,,,,,,
202609280424,1.445,1.869,,,,,,,
202609280430,1.444,1.859,,,,,,,
202609280436,1.443,1.849,,,,,,,
202609280442,1.441,1.869,,,,,,,
202609280448,1.439,1.849,,,,,,,
202609280454,1.437,1.869,,,,,,,
202609280500,1.435,1.869,0.600,-0.166,1.869,0.500,1.769,0.600,1.869
202609280506,1.433,1.840,,,,,,,
202609280512,1.430,1.849,,,,,,,
202609280518,1.427,1.840,,,,,,,
202609280524,1.423,1.820,,,,,,,
202609280530,1.419,1.820,,,,,,,
202609280536,1.415,1.810,,,,,,,
202609280542,1.410,1.810,,,,,,,
202609280548,1.405,1.790,,,,,,,
202609280554,1.399,1.790,,,,,,,
202609280600,1.393,1.767,0.600,-0.226,1.767,0.600,1.767,0.600,1.767
202609280606,1.386,1.748,,,,,,,
202609280612,1.379,1.738,,,,,,,
202609280618,1.372,1.738,,,,,,,
202609280624,1.364,1.718,,,,,,,
202609280630,1.355,1.689,,,,,,,
202609280636,1.346,1.699,,,,,,,
202609280642,1.336,1.669,,,,,,,
202609280648,1.326,1.679,,,,,,,
202609280654,1.316,1.659,,,,,,,
202609280700,1.305,1.639,0.600,-0.266,1.639,0.600,1.639,0.600,1.639
202609280706,1.293,1.620,,,,,,,
202609280712,1.281,1.610,,,,,,,
202609280718,1.269,1.580,,,,,,,
202609280724,1.256,1.557,,,,,,,
202609280730,1.243,1.557,,,,,,,
202609280736,1.229,1.528,,,,,,,
202609280742,1.215,1.508,,,,,,,
202609280748,1.201,1.508,,,,,,,
202609280754,1.186,1.498,,,,,,,
202609280800,1.172,1.479,0.600,-0.293,1.479,0.600,1.479,0.600,1.479
202609280806,1.157,1.459,,,,,,,
202609280812,1.141,1.449,,,,,,,
202609280818,1.126,1.430,,,,,,,
202609280824,1.110,1.400,,,,,,,
202609280830,1.094,1.390,,,,,,,
202609280836,1.078,1.371,,,,,,,
202609280842,1.062,1.361,,,,,,,
202609280848,1.045,1.318,,,,,,,
202609280854,1.029,1.308,,,,,,,
202609280900,1.013,1.279,0.600,-0.334,1.279,0.600,1.279,0.600,1.279
202609280906,0.996,1.249,,,,,,,
202609280912,0.980,1.229,,,,,,,
202609280918,0.963,1.220,,,,,,,
202609280924,0.947,1.190,,,,,,,
202609280930,0.930,1.180,,,,,,,
202609280936,0.914,1.151,,,,,,,
202609280942,0.898,1.138,,,,,,,
202609280948,0.882,1.118,,,,,,,
202609280954,0.866,1.108,,,,,,,
202609281000,0.850,1.088,0.600,-0.362,1.088,0.600,1.088,0.600,1.088
202609281006,0.834,1.079,,,,,,,
202609281012,0.819,1.049,,,,,,,
202609281018,0.804,1.039,,,,,,,
202609281024,0.789,1.020,,,,,,,
202609281030,0.774,1.010,,,,,,,
202609281036,0.760,1.000,,,,,,,
202609281042,0.746,0.990,,,,,,,
202609281048,0.733,0.961,,,,,,,
202609281054,0.720,0.941,,,,,,,
202609281100,0.707,0.928,0.600,-0.379,0.928,0.600,0.928,0.600,0.928
202609281106,0.694,0.918,,,,,,,
202609281112,0.682,0.908,,,,,,,
202609281118,0.671,0.908,,,,,,,
202609281124,0.660,0.898,,,,,,,
202609281130,0.649,0.879,,,,,,,
202609281136,0.639,0.869,,,,,,,
202609281142,0.630,0.859,,,,,,,
202609281148,0.621,0.859,,,,,,,
202609281154,0.612,0.829,,,,,,,
202609281200,0.604,0.819,0.500,-0.285,0.819,0.500,0.819,0.600,0.919
202609281206,0.596,0.819,,,,,,,
202609281212,0.589,0.780,,,,,,,
202609281218,0.583,0.790,,,,,,,
202609281224,0.577,0.790,,,,,,,
202609281230,0.571,0.780,,,,,,,
202609281236,0.566,0.780,,,,,,,
202609281242,0.562,0.760,,,,,,,
202609281248,0.558,0.770,,,,,,,
202609281254,0.554,0.741,,,,,,,
202609281300,0.551,0.741,0.500,-0.310,0.741,0.500,0.741,0.500,0.741
202609281306,0.548,0.708,,,,,,,
202609281312,0.546,0.731,,,,,,,
202609281318,0.544,0.718,,,,,,,
202609281324,0.542,0.708,,,,,,,
202609281330,0.541,0.718,,,,,,,
202609281336,0.540,0.698,,,,,,,
202609281342,0.540,0.698,,,,,,,
202609281348,0.540,0.678,,,,,,,
202609281354,0.540,0.688,,,,,,,
202609281400,0.541,0.688,0.500,-0.353,0.688,0.500,0.688,0.500,0.688
202609281406,0.542,0.698,,,,,,,
202609281412,0.543,0.708,,,,,,,
202609281418,0.544,0.688,,,,,,,
202609281424,0.546,0.688,,,,,,,
202609281430,0.548,0.649,,,,,,,
202609281436,0.551,0.669,,,,,,,
202609281442,0.554,0.678,,,,,,,
202609281448,0.557,0.669,,,,,,,
202609281454,0.561,0.678,,,,,,,
202609281500,0.565,0.669,0.500,-0.396,0.669,0.500,0.669,0.500,0.669
202609281506,0.569,0.678,,,,,,,
202609281512,0.574,0.669,,,,,,,
202609281518,0.579,0.688,,,,,,,
202609281524,0.585,0.698,,,,,,,
202609281530,0.591,0.708,,,,,,,
202609281536,0.597,0.678,,,,,,,
202609281542,0.604,0.698,,,,,,,
202609281548,0.612,0.708,,,,,,,
202609281554,0.619,0.718,,,,,,,
202609281600,0.628,0.760,0.500,-0.368,0.760,0.500,0.760,0.500,0.760
202609281606,0.636,0.770,,,,,,,
202609281612,0.646,0.770,,,,,,,
202609281618,0.655,0.780,,,,,,,
202609281624,0.665,0.790,,,,,,,
202609281630,0.675,0.810,,,,,,,
202609281636,0.686,0.810,,,,,,,
202609281642,0.697,0.829,,,,,,,
202609281648,0.709,0.839,,,,,,,
202609281654,0.721,0.849,,,,,,,
202609281700,0.733,0.869,0.500,-0.364,0.869,0.500,0.869,0.500,0.869
202609281706,0.746,0.869,,,,,,,
202609281712,0.758,0.879,,,,,,,
202609281718,0.771,0.898,,,,,,,
202609281724,0.784,0.908,,,,,,,
202609281730,0.798,0.928,,,,,,,
202609281736,0.811,0.951,,,,,,,
202609281742,0.825,0.961,,,,,,,
202609281748,0.839,0.951,,,,,,,
202609281754,0.852,0.970,,,,,,,
202609281800,0.866,0.980,0.300,-0.186,0.980,0.300,0.980,0.300,0.980
202609281806,0.880,1.000,,,,,,,
202609281812,0.893,1.020,,,,,,,
202609281818,0.907,1.029,,,,,,,
202609281824,0.920,1.039,,,,,,,
202609281830,0.934,1.069,,,,,,,
202609281836,0.947,1.079,,,,,,,
202609281842,0.960,1.088,,,,,,,
202609281848,0.973,1.098,,,,,,,
202609281854,0.986,1.098,,,,,,,
202609281900,0.999,1.118,0.300,-0.181,1.118,0.300,1.118,0.300,1.118
202609281906,1.011,1.138,,,,,,,
202609281912,1.023,1.151,,,,,,,
202609281918,1.036,1.161,,,,,,,
202609281924,1.047,1.161,,,,,,,
202609281930,1.059,1.180,,,,,,,
202609281936,1.071,1.200,,,,,,,
202609281942,1.082,1.210,,,,,,,
202609281948,1.093,1.249,,,,,,,
202609281954,1.104,1.269,,,,,,,
202609282000,1.115,1.279,0.300,-0.136,1.279,0.300,1.279,0.300,1.279
202609282006,1.125,1.269,,,,,,,
202609282012,1.136,1.308,,,,,,,
202609282018,1.146,1.308,,,,,,,
202609282024,1.156,1.328,,,,,,,
202609282030,1.166,1.348,,,,,,,
202609282036,1.176,1.348,,,,,,,
202609282042,1.186,1.348,,,,,,,
202609282048,1.196,1.361,,,,,,,
202609282054,1.205,1.390,,,,,,,
202609282100,1.215,1.380,0.300,-0.135,1.380,0.300,1.380,0.300,1.380
202609282106,1.224,1.400,,,,,,,
202609282112,1.234,1.410,,,,,,,
202609282118,1.243,1.430,,,,,,,
202609282124,1.252,1.420,,,,,,,
202609282130,1.261,1.439,,,,,,,
202609282136,1.270,1.479,,,,,,,
202609282142,1.279,1.449,,,,,,,
202609282148,1.288,1.479,,,,,,,
202609282154,1.297,1.489,,,,,,,
202609282200,1.306,1.508,0.400,-0.198,1.508,0.400,1.508,0.400,1.508
202609282206,1.315,1.518,,,,,,,
202609282212,1.324,1.528,,,,,,,
202609282218,1.332,1.518,,,,,,,
202609282224,1.341,1.518,,,,,,,
202609282230,1.350,1.518,,,,,,,
202609282236,1.358,1.548,,,,,,,
202609282242,1.367,1.557,,,,,,,
202609282248,1.375,1.571,,,,,,,
202609282254,1.384,1.571,,,,,,,
202609282300,1.392,1.590,0.400,-0.202,1.590,0.400,1.590,0.400,1.590
202609282306,1.401,1.600,,,,,,,
202609282312,1.409,1.610,,,,,,,
202609282318,1.418,1.620,,,,,,,
202609282324,1.426,1.630,,,,,,,
202609282330,1.435,1.669,,,,,,,
202609282336,1.443,1.659,,,,,,,
202609282342,1.451,1.669,,,,,,,
202609282348,1.460,1.659,,,,,,,
202609282354,1.468,1.679,,,,,,,
202609290000,1.476,1.669,0.400,-0.207,1.669,0.400,1.669,0.400,1.669
202609290006,1.485,1.699,,,,,,,
202609290012,1.493,1.689,,,,,,,
202609290018,1.501,1.718,,,,,,,
202609290024,1.510,1.748,,,,,,,
202609290030,1.518,1.758,,,,,,,
202609290036,1.526,1.781,,,,,,,
202609290042,1.534,1.781,,,,,,,
202609290048,1.542,1.820,,,,,,,
202609290054,1.549,1.790,,,,,,,
202609290100,1.557,1.810,0.400,-0.147,1.810,0.400,1.810,0.400,1.810
202609290106,1.564,1.810,,,,,,,
202609290112,1.572,1.830,,,,,,,
202609290118,1.579,1.830,,,,,,,
202609290124,1.586,1.830,,,,,,,
202609290130,1.592,1.859,,,,,,,
202609290136,1.599,1.859,,,,,,,
202609290142,1.605,1.859,,,,,,,
202609290148,1.611,1.859,,,,,,,
202609290154,1.617,1.879,,,,,,,
202609290200,1.622,1.879,0.400,-0.143,1.879,0.400,1.879,0.400,1.879
202609290206,1.627,1.899,,,,,,,
202609290212,1.631,1.889,,,,,,,
202609290218,1.636,1.928,,,,,,,
202609290224,1.640,1.918,,,,,,,
202609290230,1.643,1.918,,,,,,,
202609290236,1.647,1.928,,,,,,,
202609290242,1.650,1.938,,,,,,,
202609290248,1.652,1.928,,,,,,,
202609290254,1.654,1.938,,,,,,,
202609290300,1.656,1.938,0.400,-0.118,1.938,0.400,1.938,0.400,1.938
202609290306,1.658,1.948,,,,,,,
202609290312,1.659,1.938,,,,,,,
202609290318,1.660,1.928,,,,,,,
202609290324,1.661,1.948,,,,,,,
202609290330,1.661,1.948,,,,,,,
202609290336,1.661,1.938,,,,,,,
202609290342,1.661,1.967,,,,,,,
202609290348,1.661,1.958,,,,,,,
202609290354,1.660,1.981,,,,,,,
202609290400,1.659,1.967,0.400,-0.092,1.967,0.300,1.867,0.400,1.967
202609290406,1.658,1.981,,,,,,,
202609290412,1.657,1.958,,,,,,,
202609290418,1.655,1.967,,,,,,,
202609290424,1.654,1.967,,,,,,,
202609290430,1.652,1.967,,,,,,,
202609290436,1.650,1.958,,,,,,,
202609290442,1.648,1.967,,,,,,,
202609290448,1.645,1.948,,,,,,,
202609290454,1.642,1.938,,,,,,,
202609290500,1.640,1.948,0.400,-0.092,1.948,0.300,1.848,0.400,1.948
202609290506,1.636,1.938,,,,,,,
202609290512,1.633,1.948,,,,,,,
202609290518,1.629,1.928,,,,,,,
202609290524,1.626,1.938,,,,,,,
202609290530,1.621,1.928,,,,,,,
202609290536,1.617,1.928,,,,,,,
202609290542,1.612,1.928,,,,,,,
202609290548,1.607,1.908,,,,,,,
202609290554,1.601,1.928,,,,,,,
202609290600,1.595,1.908,0.600,-0.287,1.908,0.500,1.808,0.600,1.908
202609290606,1.588,1.899,,,,,,,
202609290612,1.581,1.889,,,,,,,
202609290618,1.574,1.889,,,,,,,
202609290624,1.566,1.889,,,,,,,
202609290630,1.557,1.879,,,,,,,
202609290636,1.548,1.859,,,,,,,
202609290642,1.539,1.840,,,,,,,
202609290648,1.529,1.810,,,,,,,
202609290654,1.518,1.810,,,,,,,
202609290700,1.506,1.790,0.600,-0.316,1.790,0.600,1.790,0.600,1.790
202609290706,1.494,1.800,,,,,,,
202609290712,1.482,1.800,,,,,,,
202609290718,1.469,1.781,,,,,,,
202609290724,1.455,1.767,,,,,,,
202609290730,1.441,1.748,,,,,,,
202609290736,1.426,1.728,,,,,,,
202609290742,1.410,1.708,,,,,,,
202609290748,1.395,1.708,,,,,,,
202609290754,1.378,1.669,,,,,,,
202609290800,1.361,1.639,0.600,-0.322,1.639,0.600,1.639,0.600,1.639
202609290806,1.344,1.610,,,,,,,
202609290812,1.326,1.610,,,,,,,
202609290818,1.307,1.580,,,,,,,
202609290824,1.289,1.538,,,,,,,
202609290830,1.270,1.528,,,,,,,
202609290836,1.250,1.508,,,,,,,
202609290842,1.230,1.489,,,,,,,
202609290848,1.210,1.459,,,,,,,
202609290854,1.190,1.449,,,,,,,
202609290900,1.170,1.439,0.600,-0.331,1.439,0.500,1.339,0.600,1.439
202609290906,1.149,1.410,,,,,,,
202609290912,1.128,1.400,,,,,,,
202609290918,1.107,1.371,,,,,,,
202609290924,1.086,1.361,,,,,,,
202609290930,1.065,1.318,,,,,,,
202609290936,1.044,1.298,,,,,,,
202609290942,1.022,1.269,,,,,,,
202609290948,1.001,1.249,,,,,,,
202609290954,0.980,1.220,,,,,,,
202609291000,0.959,1.190,0.600,-0.369,1.190,0.600,1.190,0.600,1.190
202609291006,0.938,1.170,,,,,,,
202609291012,0.916,1.151,,,,,,,
202609291018,0.896,1.118,,,,,,,
202609291024,0.875,1.108,,,,,,,
202609291030,0.854,1.098,,,,,,,
202609291036,0.834,1.098,,,,,,,
202609291042,0.814,1.079,,,,,,,
202609291048,0.794,1.059,,,,,,,
202609291054,0.774,1.020,,,,,,,
202609291100,0.755,1.010,0.600,-0.345,1.010,0.600,1.010,0.600,1.010
202609291106,0.735,0.980,,,,,,,
202609291112,0.717,0.980,,,,,,,
202609291118,0.698,0.951,,,,,,,
202609291124,0.680,0.928,,,,,,,
202609291130,0.662,0.928,,,,,,,
202609291136,0.645,0.908,,,,,,,
202609291142,0.628,0.869,,,,,,,
202609291148,0.612,0.869,,,,,,,
202609291154,0.596,0.839,,,,,,,
202609291200,0.580,0.839,0.600,-0.341,0.839,0.600,0.839,0.600,0.839
202609291206,0.565,0.819,,,,,,,
202609291212,0.551,0.819,,,,,,,
202609291218,0.537,0.800,,,,,,,
202609291224,0.524,0.790,,,,,,,
202609291230,0.511,0.770,,,,,,,
202609291236,0.498,0.760,,,,,,,
202609291242,0.487,0.751,,,,,,,
202609291248,0.475,0.760,,,,,,,
202609291254,0.465,0.718,,,,,,,
202609291300,0.455,0.708,0.600,-0.347,0.708,0.600,0.708,0.600,0.708
202609291306,0.445,0.698,,,,,,,
202609291312,0.436,0.669,,,,,,,
202609291318,0.428,0.659,,,,,,,
202609291324,0.420,0.649,,,,,,,
202609291330,0.413,0.659,,,,,,,
202609291336,0.406,0.619,,,,,,,
202609291342,0.400,0.619,,,,,,,
202609291348,0.394,0.629,,,,,,,
202609291354,0.389,0.610,,,,,,,
202609291400,0.384,0.619,0.600,-0.365,0.619,0.600,0.619,0.600,0.619
202609291406,0.380,0.600,,,,,,,
202609291412,0.376,0.600,,,,,,,
202609291418,0.372,0.590,,,,,,,
202609291424,0.370,0.570,,,,,,,
202609291430,0.367,0.570,,,,,,,
202609291436,0.365,0.551,,,,,,,
202609291442,0.364,0.551,,,,,,,
202609291448,0.363,0.551,,,,,,,
202609291454,0.362,0.560,,,,,,,
202609291500,0.362,0.560,0.600,-0.402,0.560,0.600,0.560,0.600,0.560
202609291506,0.362,0.551,,,,,,,
202609291512,0.363,0.551,,,,,,,
202609291518,0.364,0.551,,,,,,,
202609291524,0.366,0.551,,,,,,,
202609291530,0.368,0.570,,,,,,,
202609291536,0.370,0.551,,,,,,,
202609291542,0.373,0.570,,,,,,,
202609291548,0.377,0.590,,,,,,,
202609291554,0.381,0.570,,,,,,,
202609291600,0.386,0.570,0.600,-0.416,0.570,0.600,0.570,0.600,0.570
202609291606,0.391,0.590,,,,,,,
202609291612,0.397,0.600,,,,,,,
202609291618,0.403,0.600,,,,,,,
202609291624,0.410,0.600,,,,,,,
202609291630,0.417,0.610,,,,,,,
202609291636,0.425,0.600,,,,,,,
202609291642,0.434,0.590,,,,,,,
202609291648,0.443,0.619,,,,,,,
202609291654,0.452,0.639,,,,,,,
202609291700,0.463,0.629,0.600,-0.434,0.629,0.600,0.629,0.600,0.629
202609291706,0.474,0.639,,,,,,,
202609291712,0.485,0.659,,,,,,,
202609291718,0.497,0.669,,,,,,,
202609291724,0.509,0.678,,,,,,,
202609291730,0.522,0.698,,,,,,,
202609291736,0.535,0.718,,,,,,,
202609291742,0.549,0.718,,,,,,,
202609291748,0.563,0.708,,,,,,,
202609291754,0.578,0.770,,,,,,,
202609291800,0.593,0.751,0.500,-0.342,0.751,0.500,0.751,0.500,0.751
202609291806,0.608,0.790,,,,,,,
202609291812,0.624,0.790,,,,,,,
202609291818,0.640,0.810,,,,,,,
202609291824,0.656,0.829,,,,,,,
202609291830,0.672,0.839,,,,,,,
202609291836,0.689,0.859,,,,,,,
202609291842,0.705,0.888,,,,,,,
202609291848,0.722,0.888,,,,,,,
202609291854,0.738,0.918,,,,,,,
202609291900,0.755,0.951,0.500,-0.304,0.951,0.500,0.951,0.500,0.951
202609291906,0.772,0.970,,,,,,,
202609291912,0.789,0.970,,,,,,,
202609291918,0.805,0.980,,,,,,,
202609291924,0.822,1.000,,,,,,,
202609291930,0.839,1.020,,,,,,,
202609291936,0.855,1.029,,,,,,,
202609291942,0.871,1.049,,,,,,,
202609291948,0.888,1.059,,,,,,,
202609291954,0.904,1.049,,,,,,,
202609292000,0.920,1.059,0.500,-0.361,1.059,0.500,1.059,0.500,1.059
202609292006,0.936,1.088,,,,,,,
202609292012,0.951,1.098,,,,,,,
202609292018,0.967,1.128,,,,,,,
202609292024,0.982,1.180,,,,,,,
202609292030,0.998,1.190,,,,,,,
202609292036,1.013,1.200,,,,,,,
202609292042,1.028,1.220,,,,,,,
202609292048,1.043,1.239,,,,,,,
202609292054,1.058,1.249,,,,,,,
202609292100,1.073,1.269,0.500,-0.304,1.269,0.500,1.269,0.600,1.369
202609292106,1.088,1.298,,,,,,,
202609292112,1.102,1.318,,,,,,,
202609292118,1.117,1.318,,,,,,,
202609292124,1.131,1.318,,,,,,,
202609292130,1.146,1.348,,,,,,,
202609292136,1.160,1.338,,,,,,,
202609292142,1.175,1.348,,,,,,,
202609292148,1.189,1.390,,,,,,,
202609292154,1.203,1.410,,,,,,,
202609292200,1.217,1.439,0.600,-0.378,1.439,0.600,1.439,0.600,1.439
202609292206,1.232,1.439,,,,,,,
202609292212,1.246,1.469,,,,,,,
202609292218,1.260,1.498,,,,,,,
202609292224,1.274,1.518,,,,,,,
202609292230,1.288,1.528,,,,,,,
202609292236,1.302,1.548,,,,,,,
202609292242,1.316,1.571,,,,,,,
202609292248,1.330,1.571,,,,,,,
202609292254,1.344,1.610,,,,,,,
202609292300,1.357,1.620,0.600,-0.337,1.620,0.600,1.620,0.700,1.720
202609292306,1.371,1.639,,,,,,,
202609292312,1.385,1.669,,,,,,,
202609292318,1.398,1.679,,,,,,,
202609292324,1.412,1.699,,,,,,,
202609292330,1.425,1.708,,,,,,,
202609292336,1.439,1.738,,,,,,,
202609292342,1.452,1.748,,,,,,,
202609292348,1.465,1.758,,,,,,,
202609292354,1.478,1.767,,,,,,,
202609300000,1.491,1.781,0.500,-0.210,1.781,0.500,1.781,0.500,1.781
202609300006,1.504,1.790,,,,,,,
202609300012,1.516,1.810,,,,,,,
202609300018,1.529,1.830,,,,,,,
202609300024,1.542,1.840,,,,,,,
202609300030,1.554,1.849,,,,,,,
202609300036,1.566,1.869,,,,,,,
202609300042,1.579,1.899,,,,,,,
202609300048,1.591,1.899,,,,,,,
202609300054,1.602,1.918,,,,,,,
202609300100,1.614,1.928,0.500,-0.186,1.928,0.500,1.928,0.600,2.028
202609300106,1.626,1.948,,,,,,,
202609300112,1.637,1.967,,,,,,,
202609300118,1.648,2.000,,,,,,,
202609300124,1.659,2.020,,,,,,,
202609300130,1.670,2.030,,,,,,,
202609300136,1.681,2.049,,,,,,,
202609300142,1.691,2.059,,,,,,,
202609300148,1.701,2.069,,,,,,,
202609300154,1.711,2.089,,,,,,,
202609300200,1.721,2.109,0.600,-0.212,2.109,0.600,2.109,0.600,2.109
202609300206,1.730,2.109,,,,,,,
202609300212,1.739,2.128,,,,,,,
202609300218,1.748,2.138,,,,,,,
202609300224,1.756,2.158,,,,,,,
202609300230,1.764,2.168,,,,,,,
202609300236,1.771,2.200,,,,,,,
202609300242,1.779,2.210,,,,,,,
202609300248,1.785,2.220,,,,,,,
202609300254,1.792,2.230,,,,,,,
202609300300,1.797,2.210,0.600,-0.187,2.210,0.600,2.210,0.600,2.210
202609300306,1.803,2.240,,,,,,,
202609300312,1.808,2.250,,,,,,,
202609300318,1.813,2.250,,,,,,,
202609300324,1.817,2.269,,,,,,,
202609300330,1.820,2.279,,,,,,,
202609300336,1.824,2.269,,,,,,,
202609300342,1.827,2.299,,,,,,,
202609300348,1.829,2.299,,,,,,,
202609300354,1.831,2.289,,,,,,,
202609300400,1.833,2.289,0.500,-0.044,2.289,0.500,2.289,0.600,2.389
202609300406,1.834,2.289,,,,,,,
202609300412,1.835,2.318,,,,,,,
202609300418,1.835,2.309,,,,,,,
202609300424,1.836,2.328,,,,,,,
202609300430,1.835,2.338,,,,,,,
202609300436,1.835,2.348,,,,,,,
202609300442,1.834,2.348,,,,,,,
202609300448,1.833,2.358,,,,,,,
202609300454,1.831,2.358,,,,,,,
202609300500,1.829,2.358,0.500,0.029,2.358,0.500,2.358,0.600,2.458
202609300506,1.827,2.368,,,,,,,
202609300512,1.825,2.368,,,,,,,
202609300518,1.822,2.368,,,,,,,
202609300524,1.819,2.377,,,,,,,
202609300530,1.816,2.368,,,,,,,
202609300536,1.812,2.377,,,,,,,
202609300542,1.809,2.368,,,,,,,
202609300548,1.804,2.377,,,,,,,
202609300554,1.800,2.377,,,,,,,
202609300600,1.795,2.377,0.700,-0.118,2.377,0.700,2.377,0.700,2.377
202609300606,1.790,2.377,,,,,,,
202609300612,1.784,2.377,,,,,,,
202609300618,1.778,2.377,,,,,,,
202609300624,1.772,2.368,,,,,,,
202609300630,1.765,2.377,,,,,,,
202609300636,1.757,2.368,,,,,,,
202609300642,1.749,2.368,,,,,,,
202609300648,1.741,2.368,,,,,,,
202609300654,1.732,2.358,,,,,,,
202609300700,1.723,2.348,0.700,-0.075,2.348,0.700,2.348,0.700,2.348
202609300706,1.713,2.348,,,,,,,
202609300712,1.702,2.328,,,,,,,
202609300718,1.691,2.318,,,,,,,
202609300724,1.679,2.289,,,,,,,
202609300730,1.666,2.289,,,,,,,
202609300736,1.653,2.250,,,,,,,
202609300742,1.639,2.240,,,,,,,
202609300748,1.625,2.240,,,,,,,
202609300754,1.610,2.220,,,,,,,
202609300800,1.594,2.220,0.700,-0.074,2.220,0.700,2.220,0.700,2.220
202609300806,1.578,2.191,,,,,,,
202609300812,1.561,2.200,,,,,,,
202609300818,1.543,2.177,,,,,,,
202609300824,1.525,2.168,,,,,,,
202609300830,1.506,2.148,,,,,,,
202609300836,1.487,2.128,,,,,,,
202609300842,1.467,2.099,,,,,,,
202609300848,1.446,2.089,,,,,,,
202609300854,1.425,2.069,,,,,,,
202609300900,1.404,2.040,0.700,-0.064,2.040,0.700,2.040,0.700,2.040
202609300906,1.382,2.010,,,,,,,
202609300912,1.360,1.990,,,,,,,
202609300918,1.337,1.967,,,,,,,
202609300924,1.314,1.948,,,,,,,
202609300930,1.291,1.938,,,,,,,
202609300936,1.268,1.928,,,,,,,
202609300942,1.244,1.889,,,,,,,
202609300948,1.220,1.869,,,,,,,
202609300954,1.196,1.840,,,,,,,
202609301000,1.172,1.810,0.800,-0.162,1.810,0.700,1.710,0.800,1.810
202609301006,1.147,1.810,,,,,,,
202609301012,1.123,1.767,,,,,,,
202609301018,1.099,1.748,,,,,,,
202609301024,1.074,1.699,,,,,,,
202609301030,1.049,1.699,,,,,,,
202609301036,1.025,1.679,,,,,,,
202609301042,1.000,1.649,,,,,,,
202609301048,0.976,1.610,,,,,,,
202609301054,0.952,1.590,,,,,,,
202609301100,0.928,1.548,0.800,-0.180,1.548,0.700,1.448,0.800,1.548
202609301106,0.904,1.518,,,,,,,
202609301112,0.880,1.498,,,,,,,
202609301118,0.856,1.479,,,,,,,
202609301124,0.832,1.449,,,,,,,
202609301130,0.809,1.420,,,,,,,
202609301136,0.786,1.390,,,,,,,
202609301142,0.763,1.348,,,,,,,
202609301148,0.741,1.361,,,,,,,
202609301154,0.718,1.338,,,,,,,
202609301200,0.696,1.338,0.800,-0.158,1.338,0.700,1.238,0.800,1.338
202609301206,0.675,1.318,,,,,,,
202609301212,0.654,1.259,,,,,,,
202609301218,0.633,1.249,,,,,,,
202609301224,0.612,1.229,,,,,,,
202609301230,0.592,1.220,,,,,,,
202609301236,0.573,1.210,,,,,,,
202609301242,0.553,1.200,,,,,,,
202609301248,0.535,1.190,,,,,,,
202609301254,0.517,1.170,,,,,,,
202609301300,0.499,1.170,0.700,-0.029,1.170,0.700,1.170,0.800,1.270
202609301306,0.482,1.151,,,,,,,
202609301312,0.465,1.108,,,,,,,
202609301318,0.449,1.098,,,,,,,
202609301324,0.433,1.088,,,,,,,
202609301330,0.418,1.069,,,,,,,
202609301336,0.404,1.029,,,,,,,
202609301342,0.390,1.029,,,,,,,
202609301348,0.377,1.010,,,,,,,
202609301354,0.364,0.980,,,,,,,
202609301400,0.352,0.980,0.700,-0.072,0.980,0.700,0.980,0.800,1.080
202609301406,0.340,0.970,,,,,,,
202609301412,0.329,0.928,,,,,,,
202609301418,0.319,0.918,,,,,,,
202609301424,0.309,0.918,,,,,,,
202609301430,0.299,0.898,,,,,,,
202609301436,0.291,0.888,,,,,,,
202609301442,0.283,0.859,,,,,,,
202609301448,0.275,0.849,,,,,,,
202609301454,0.268,0.810,,,,,,,
202609301500,0.261,0.790,0.800,-0.271,0.790,0.700,0.690,0.800,0.790
202609301506,0.256,0.790,,,,,,,
202609301512,0.250,0.760,,,,,,,
202609301518,0.245,0.760,,,,,,,
202609301524,0.241,0.741,,,,,,,
202609301530,0.237,0.741,,,,,,,
202609301536,0.234,0.718,,,,,,,
202609301542,0.231,0.708,,,,,,,
202609301548,0.229,0.698,,,,,,,
202609301554,0.227,0.708,,,,,,,
202609301600,0.226,0.688,0.700,-0.238,0.688,0.700,0.688,0.700,0.688
202609301606,0.226,0.698,,,,,,,
202609301612,0.226,0.698,,,,,,,
202609301618,0.226,0.678,,,,,,,
202609301624,0.227,0.698,,,,,,,
202609301630,0.229,0.678,,,,,,,
202609301636,0.231,0.698,,,,,,,
202609301642,0.234,0.698,,,,,,,
202609301648,0.238,0.698,,,,,,,
202609301654,0.242,0.708,,,,,,,
202609301700,0.247,0.698,0.700,-0.249,0.698,0.700,0.698,0.700,0.698
202609301706,0.253,0.698,,,,,,,
202609301712,0.259,0.731,,,,,,,
202609301718,0.266,0.718,,,,,,,
202609301724,0.273,0.731,,,,,,,
202609301730,0.281,0.718,,,,,,,
202609301736,0.290,0.741,,,,,,,
202609301742,0.300,0.718,,,,,,,
202609301748,0.310,0.741,,,,,,,
202609301754,0.320,0.741,,,,,,,
202609301800,0.332,0.741,0.700,-0.291,0.741,0.700,0.741,0.800,0.841
202609301806,0.344,0.760,,,,,,,
202609301812,0.356,0.731,,,,,,,
202609301818,0.369,0.780,,,,,,,
202609301824,0.383,0.770,,,,,,,
202609301830,0.397,0.810,,,,,,,
202609301836,0.412,0.819,,,,,,,
202609301842,0.427,0.819,,,,,,,
202609301848,0.443,0.849,,,,,,,
202609301854,0.459,0.849,,,,,,,
202609301900,0.476,0.869,0.700,-0.307,0.869,0.700,0.869,0.800,0.969
202609301906,0.492,0.879,,,,,,,
202609301912,0.509,0.869,,,,,,,
202609301918,0.527,0.879,,,,,,,
202609301924,0.544,0.869,,,,,,,
202609301930,0.562,0.898,,,,,,,
202609301936,0.580,0.941,,,,,,,
202609301942,0.599,0.951,,,,,,,
202609301948,0.617,0.970,,,,,,,
202609301954,0.635,0.980,,,,,,,
202609302000,0.654,1.000,0.700,-0.354,1.000,0.700,1.000,0.800,1.100
202609302006,0.672,1.020,,,,,,,
202609302012,0.691,1.029,,,,,,,
202609302018,0.710,1.039,,,,,,,
202609302024,0.728,1.069,,,,,,,
202609302030,0.747,1.079,,,,,,,
202609302036,0.765,1.118,,,,,,,
202609302042,0.784,1.088,,,,,,,
202609302048,0.802,1.138,,,,,,,
202609302054,0.821,1.138,,,,,,,
202609302100,0.839,1.151,0.700,-0.388,1.151,0.700,1.151,0.800,1.251
202609302106,0.858,1.170,,,,,,,
202609302112,0.876,1.190,,,,,,,
202609302118,0.895,1.220,,,,,,,
202609302124,0.913,1.229,,,,,,,
202609302130,0.931,1.239,,,,,,,
202609302136,0.950,1.279,,,,,,,
202609302142,0.968,1.259,,,,,,,
202609302148,0.986,1.318,,,,,,,
202609302154,1.005,1.318,,,,,,,
202609302200,1.023,1.348,0.800,-0.475,1.348,0.800,1.348,0.800,1.348
202609302206,1.041,1.380,,,,,,,
202609302212,1.060,1.390,,,,,,,
202609302218,1.078,1.420,,,,,,,
202609302224,1.097,1.420,,,,,,,
202609302230,1.115,1.439,,,,,,,
202609302236,1.133,1.449,,,,,,,
202609302242,1.152,1.479,,,,,,,
202609302248,1.170,1.489,,,,,,,
202609302254,1.189,1.528,,,,,,,
202609302300,1.207,1.528,0.800,-0.479,1.528,0.800,1.528,0.900,1.628
202609302306,1.225,1.548,,,,,,,
202609302312,1.244,1.557,,,,,,,
202609302318,1.262,1.590,,,,,,,
202609302324,1.280,1.630,,,,,,,
202609302330,1.298,1.659,,,,,,,
202609302336,1.316,1.659,,,,,,,
202609302342,1.335,1.689,,,,,,,
202609302348,1.352,1.708,,,,,,,
202609302354,1.370,1.718,,,,,,,
202610010000,1.388,1.748,0.800,-0.440,1.748,0.800,1.748,0.800,1.748
202610010006,1.406,1.767,,,,,,,
202610010012,1.423,1.781,,,,,,,
202610010018,1.441,1.790,,,,,,,
202610010024,1.458,1.781,,,,,,,
202610010030,1.475,1.830,,,,,,,
202610010036,1.492,1.840,,,,,,,
202610010042,1.509,1.889,,,,,,,
202610010048,1.525,1.899,,,,,,,
202610010054,1.541,1.948,,,,,,,
202610010100,1.558,1.938,0.800,-0.420,1.938,0.800,1.938,0.800,1.938
202610010106,1.574,1.967,,,,,,,
202610010112,1.590,1.967,,,,,,,
202610010118,1.605,2.000,,,,,,,
202610010124,1.621,2.020,,,,,,,
202610010130,1.636,2.030,,,,,,,
202610010136,1.651,2.079,,,,,,,
202610010142,1.665,2.079,,,,,,,
202610010148,1.680,2.099,,,,,,,
202610010154,1.694,2.109,,,,,,,
202610010200,1.708,2.118,0.800,-0.390,2.118,0.800,2.118,0.800,2.118
202610010206,1.722,2.158,,,,,,,
202610010212,1.736,2.168,,,,,,,
202610010218,1.749,2.200,,,,,,,
202610010224,1.762,2.200,,,,,,,
202610010230,1.774,2.220,,,,,,,
202610010236,1.787,2.220,,,,,,,
202610010242,1.799,2.240,,,,,,,
202610010248,1.810,2.250,,,,,,,
202610010254,1.822,2.259,,,,,,,
202610010300,1.833,2.289,0.800,-0.344,2.289,0.800,2.289,0.900,2.389
202610010306,1.843,2.309,,,,,,,
202610010312,1.853,2.318,,,,,,,
202610010318,1.863,2.318,,,,,,,
202610010324,1.872,2.348,,,,,,,
202610010330,1.881,2.368,,,,,,,
202610010336,1.890,2.368,,,,,,,
202610010342,1.898,2.387,,,,,,,
202610010348,1.905,2.400,,,,,,,
202610010354,1.912,2.400,,,,,,,
202610010400,1.919,2.420,0.800,-0.299,2.420,0.800,2.420,0.800,2.420
202610010406,1.925,2.450,,,,,,,
202610010412,1.931,2.450,,,,,,,
202610010418,1.936,2.450,,,,,,,
202610010424,1.940,2.459,,,,,,,
202610010430,1.944,2.459,,,,,,,
202610010436,1.948,2.469,,,,,,,
202610010442,1.951,2.479,,,,,,,
202610010448,1.954,2.489,,,,,,,
202610010454,1.956,2.489,,,,,,,
202610010500,1.958,2.509,0.800,-0.249,2.509,0.800,2.509,0.900,2.609
202610010506,1.960,2.519,,,,,,,
202610010512,1.961,2.519,,,,,,,
202610010518,1.961,2.519,,,,,,,
202610010524,1.961,2.528,,,,,,,
202610010530,1.961,2.538,,,,,,,
202610010536,1.960,2.558,,,,,,,
202610010542,1.959,2.558,,,,,,,
202610010548,1.958,2.568,,,,,,,
202610010554,1.956,2.568,,,,,,,
202610010600,1.954,2.568,0.900,-0.286,2.568,0.800,2.468,0.900,2.568
202610010606,1.951,2.578,,,,,,,
202610010612,1.948,2.568,,,,,,,
202610010618,1.945,2.578,,,,,,,
202610010624,1.941,2.578,,,,,,,
202610010630,1.937,2.578,,,,,,,
202610010636,1.933,2.578,,,,,,,
202610010642,1.928,2.597,,,,,,,
202610010648,1.922,2.597,,,,,,,
202610010654,1.917,2.620,,,,,,,
202610010700,1.910,2.610,0.900,-0.200,2.610,0.900,2.610,0.900,2.610
202610010706,1.904,2.620,,,,,,,
202610010712,1.896,2.597,,,,,,,
202610010718,1.889,2.597,,,,,,,
202610010724,1.880,2.597,,,,,,,
202610010730,1.871,2.587,,,,,,,
202610010736,1.862,2.578,,,,,,,
202610010742,1.852,2.597,,,,,,,
202610010748,1.841,2.597,,,,,,,
202610010754,1.830,2.578,,,,,,,
202610010800,1.818,2.538,0.900,-0.180,2.538,0.900,2.538,0.900,2.538
202610010806,1.806,2.528,,,,,,,
202610010812,1.793,2.519,,,,,,,
202610010818,1.779,2.528,,,,,,,
202610010824,1.764,2.528,,,,,,,
202610010830,1.749,2.538,,,,,,,
202610010836,1.733,2.528,,,,,,,
202610010842,1.717,2.509,,,,,,,
202610010848,1.699,2.499,,,,,,,
202610010854,1.682,2.499,,,,,,,
202610010900,1.663,2.450,0.900,-0.113,2.450,0.900,2.450,0.900,2.450
202610010906,1.644,2.469,,,,,,,
202610010912,1.624,2.440,,,,,,,
202610010918,1.604,2.420,,,,,,,
202610010924,1.583,2.387,,,,,,,
202610010930,1.562,2.387,,,,,,,
202610010936,1.540,2.348,,,,,,,
202610010942,1.518,2.338,,,,,,,
202610010948,1.495,2.309,,,,,,,
202610010954,1.472,2.299,,,,,,,
202610011000,1.448,2.269,0.900,-0.079,2.269,0.900,2.269,0.900,2.269
202610011006,1.424,2.259,,,,,,,
202610011012,1.399,2.230,,,,,,,
202610011018,1.375,2.191,,,,,,,
202610011024,1.350,2.168,,,,,,,
202610011030,1.325,2.158,,,,,,,
202610011036,1.299,2.118,,,,,,,
202610011042,1.274,2.089,,,,,,,
202610011048,1.248,2.059,,,,,,,
202610011054,1.222,2.049,,,,,,,
202610011100,1.196,2.030,0.900,-0.066,2.030,0.900,2.030,0.900,2.030
202610011106,1.170,2.010,,,,,,,
202610011112,1.144,2.010,,,,,,,
202610011118,1.118,1.981,,,,,,,
202610011124,1.092,1.938,,,,,,,
202610011130,1.066,1.889,,,,,,,
202610011136,1.040,1.869,,,,,,,
202610011142,1.014,1.849,,,,,,,
202610011148,0.988,1.849,,,,,,,
202610011154,0.962,1.781,,,,,,,
202610011200,0.936,1.767,0.900,-0.069,1.767,0.900,1.767,0.900,1.767
202610011206,0.911,1.718,,,,,,,
202610011212,0.885,1.708,,,,,,,
202610011218,0.860,1.649,,,,,,,
202610011224,0.834,1.630,,,,,,,
202610011230,0.809,1.620,,,,,,,
202610011236,0.785,1.610,,,,,,,
202610011242,0.760,1.557,,,,,,,
202610011248,0.736,1.571,,,,,,,
202610011254,0.712,1.508,,,,,,,
202610011300,0.688,1.518,0.900,-0.070,1.518,0.800,1.418,0.900,1.518
202610011306,0.665,1.479,,,,,,,
202610011312,0.641,1.439,,,,,,,
202610011318,0.619,1.430,,,,,,,
202610011324,0.596,1.410,,,,,,,
202610011330,0.574,1.390,,,,,,,
202610011336,0.553,1.338,,,,,,,
202610011342,0.531,1.348,,,,,,,
202610011348,0.511,1.348,,,,,,,
202610011354,0.490,1.298,,,,,,,
202610011400,0.471,1.269,0.800,-0.002,1.269,0.800,1.269,0.900,1.369
202610011406,0.451,1.259,,,,,,,
202610011412,0.433,1.229,,,,,,,
202610011418,0.414,1.190,,,,,,,
202610011424,0.397,1.180,,,,,,,
202610011430,0.380,1.200,,,,,,,
202610011436,0.363,1.170,,,,,,,
202610011442,0.347,1.128,,,,,,,
202610011448,0.332,1.128,,,,,,,
202610011454,0.317,1.138,,,,,,,
202610011500,0.303,1.069,0.800,-0.034,1.069,0.800,1.069,0.900,1.169
202610011506,0.289,1.079,,,,,,,
202610011512,0.276,1.069,,,,,,,
202610011518,0.263,1.029,,,,,,,
202610011524,0.252,1.010,,,,,,,
202610011530,0.240,0.990,,,,,,,
202610011536,0.230,1.000,,,,,,,
202610011542,0.220,0.980,,,,,,,
202610011548,0.210,0.951,,,,,,,
202610011554,0.201,0.970,,,,,,,
202610011600,0.193,0.961,0.800,-0.032,0.961,0.800,0.961,0.800,0.961
202610011606,0.185,0.941,,,,,,,
202610011612,0.178,0.928,,,,,,,
202610011618,0.172,0.908,,,,,,,
202610011624,0.166,0.879,,,,,,,
202610011630,0.160,0.888,,,,,,,
202610011636,0.156,0.829,,,,,,,
202610011642,0.152,0.859,,,,,,,
202610011648,0.148,0.839,,,,,,,
202610011654,0.145,0.829,,,,,,,
202610011700,0.143,0.839,0.800,-0.104,0.839,0.800,0.839,0.800,0.839
202610011706,0.141,0.849,,,,,,,
202610011712,0.140,0.810,,,,,,,
202610011718,0.140,0.829,,,,,,,
202610011724,0.140,0.760,,,,,,,
202610011730,0.141,0.810,,,,,,,
202610011736,0.142,0.780,,,,,,,
202610011742,0.144,0.800,,,,,,,
202610011748,0.147,0.770,,,,,,,
202610011754,0.151,,,,,,,,
202610011800,0.155,,0.800,-0.114,0.841,0.800,0.841,0.800,0.841
202610011806,0.160,,,,,,,,
202610011812,0.166,,,,,,,,
202610011818,0.172,,,,,,,,
202610011824,0.179,,,,,,,,
202610011830,0.187,,,,,,,,
202610011836,0.196,,,,,,,,
202610011842,0.205,,,,,,,,
202610011848,0.215,,,,,,,,
202610011854,0.225,,,,,,,,
202610011900,0.236,,0.800,-0.124,0.912,0.800,0.912,0.800,0.912
202610011906,0.248,,,,,,,,
202610011912,0.261,,,,,,,,
202610011918,0.274,,,,,,,,
202610011924,0.287,,,,,,,,
202610011930,0.302,,,,,,,,
202610011936,0.316,,,,,,,,
202610011942,0.331,,,,,,,,
202610011948,0.347,,,,,,,,
202610011954,0.363,,,,,,,,
202610012000,0.380,,0.800,-0.134,1.046,0.800,1.046,0.800,1.046
202610012006,0.397,,,,,,,,
202610012012,0.414,,,,,,,,
202610012018,0.432,,,,,,,,
202610012024,0.449,,,,,,,,
202610012030,0.468,,,,,,,,
202610012036,0.486,,,,,,,,
202610012042,0.505,,,,,,,,
202610012048,0.524,,,,,,,,
202610012054,0.543,,,,,,,,
202610012100,0.562,,0.800,-0.143,1.219,0.800,1.219,0.800,1.219
202610012106,0.581,,,,,,,,
202610012112,0.601,,,,,,,,
202610012118,0.620,,,,,,,,
202610012124,0.640,,,,,,,,
202610012130,0.660,,,,,,,,
202610012136,0.680,,,,,,,,
202610012142,0.700,,,,,,,,
202610012148,0.720,,,,,,,,
202610012154,0.740,,,,,,,,
202610012200,0.760,,0.900,-0.153,1.507,0.800,1.407,0.900,1.507
202610012206,0.781,,,,,,,,
202610012212,0.801,,,,,,,,
202610012218,0.821,,,,,,,,
202610012224,0.842,,,,,,,,
202610012230,0.863,,,,,,,,
202610012236,0.884,,,,,,,,
202610012242,0.904,,,,,,,,
202610012248,0.925,,,,,,,,
202610012254,0.946,,,,,,,,
202610012300,0.968,,0.900,-0.163,1.705,0.800,1.605,0.900,1.705
202610012306,0.989,,,,,,,,
202610012312,1.010,,,,,,,,
202610012318,1.031,,,,,,,,
202610012324,1.053,,,,,,,,
202610012330,1.074,,,,,,,,
202610012336,1.095,,,,,,,,
202610012342,1.117,,,,,,,,
202610012348,1.138,,,,,,,,
202610012354,1.160,,,,,,,,
202610020000,1.181,,0.900,-0.173,1.908,0.900,1.908,0.900,1.908
202610020006,1.202,,,,,,,,
202610020012,1.224,,,,,,,,
202610020018,1.245,,,,,,,,
202610020024,1.266,,,,,,,,
202610020030,1.287,,,,,,,,
202610020036,1.308,,,,,,,,
202610020042,1.329,,,,,,,,
202610020048,1.349,,,,,,,,
202610020054,1.370,,,,,,,,
202610020100,1.390,,0.800,-0.183,2.007,0.800,2.007,0.900,2.107
202610020106,1.410,,,,,,,,
202610020112,1.430,,,,,,,,
202610020118,1.449,,,,,,,,
202610020124,1.469,,,,,,,,
202610020130,1.488,,,,,,,,
202610020136,1.507,,,,,,,,
202610020142,1.526,,,,,,,,
202610020148,1.544,,,,,,,,
202610020154,1.563,,,,,,,,
202610020200,1.581,,0.900,-0.193,2.288,0.800,2.188,0.900,2.288
202610020206,1.599,,,,,,,,
202610020212,1.616,,,,,,,,
202610020218,1.634,,,,,,,,
202610020224,1.651,,,,,,,,
202610020230,1.667,,,,,,,,
202610020236,1.684,,,,,,,,
202610020242,1.700,,,,,,,,
202610020248,1.716,,,,,,,,
202610020254,1.732,,,,,,,,
202610020300,1.748,,0.900,-0.203,2.445,0.900,2.445,0.900,2.445
202610020306,1.763,,,,,,,,
202610020312,1.778,,,,,,,,
202610020318,1.792,,,,,,,,
202610020324,1.806,,,,,,,,
202610020330,1.820,,,,,,,,
202610020336,1.834,,,,,,,,
202610020342,1.847,,,,,,,,
202610020348,1.860,,,,,,,,
202610020354,1.873,,,,,,,,
202610020400,1.885,,0.900,-0.212,2.573,0.900,2.573,1.000,2.673
202610020406,1.896,,,,,,,,
202610020412,1.908,,,,,,,,
202610020418,1.918,,,,,,,,
202610020424,1.929,,,,,,,,
202610020430,1.939,,,,,,,,
202610020436,1.948,,,,,,,,
202610020442,1.957,,,,,,,,
202610020448,1.966,,,,,,,,
202610020454,1.974,,,,,,,,
202610020500,1.981,,0.900,-0.222,2.659,0.800,2.559,1.000,2.759
202610020506,1.988,,,,,,,,
202610020512,1.994,,,,,,,,
202610020518,2.000,,,,,,,,
202610020524,2.006,,,,,,,,
202610020530,2.011,,,,,,,,
202610020536,2.015,,,,,,,,
202610020542,2.019,,,,,,,,
202610020548,2.023,,,,,,,,
202610020554,2.026,,,,,,,,
202610020600,2.028,,0.900,-0.222,2.706,0.800,2.606,0.900,2.706
202610020606,2.030,,,,,,,,
202610020612,2.031,,,,,,,,
202610020618,2.032,,,,,,,,
202610020624,2.033,,,,,,,,
202610020630,2.033,,,,,,,,
202610020636,2.033,,,,,,,,
202610020642,2.032,,,,,,,,
202610020648,2.031,,,,,,,,
202610020654,2.029,,,,,,,,
202610020700,2.027,,0.900,-0.222,2.705,0.900,2.705,1.000,2.805
202610020706,2.024,,,,,,,,
202610020712,2.021,,,,,,,,
202610020718,2.018,,,,,,,,
202610020724,2.014,,,,,,,,
202610020730,2.010,,,,,,,,
202610020736,2.005,,,,,,,,
202610020742,2.000,,,,,,,,
202610020748,1.994,,,,,,,,
202610020754,1.987,,,,,,,,
202610020800,1.981,,0.900,-0.222,2.659,0.900,2.659,1.000,2.759
202610020806,1.973,,,,,,,,
202610020812,1.965,,,,,,,,
202610020818,1.957,,,,,,,,
202610020824,1.948,,,,,,,,
202610020830,1.938,,,,,,,,
202610020836,1.928,,,,,,,,
202610020842,1.917,,,,,,,,
202610020848,1.905,,,,,,,,
202610020854,1.893,,,,,,,,
202610020900,1.880,,0.900,-0.222,2.558,0.900,2.558,1.000,2.658
202610020906,1.867,,,,,,,,
202610020912,1.853,,,,,,,,
202610020918,1.838,,,,,,,,
202610020924,1.822,,,,,,,,
202610020930,1.806,,,,,,,,
202610020936,1.790,,,,,,,,
202610020942,1.772,,,,,,,,
202610020948,1.754,,,,,,,,
202610020954,1.736,,,,,,,,
202610021000,1.717,,0.900,-0.222,2.395,0.900,2.395,1.000,2.495
202610021006,1.697,,,,,,,,
202610021012,1.677,,,,,,,,
202610021018,1.656,,,,,,,,
202610021024,1.635,,,,,,,,
202610021030,1.613,,,,,,,,
202610021036,1.591,,,,,,,,
202610021042,1.568,,,,,,,,
202610021048,1.545,,,,,,,,
202610021054,1.522,,,,,,,,
202610021100,1.498,,0.900,-0.222,2.176,0.900,2.176,1.000,2.276
202610021106,1.474,,,,,,,,
202610021112,1.449,,,,,,,,
202610021118,1.424,,,,,,,,
202610021124,1.400,,,,,,,,
202610021130,1.374,,,,,,,,
202610021136,1.349,,,,,,,,
202610021142,1.323,,,,,,,,
202610021148,1.298,,,,,,,,
202610021154,1.272,,,,,,,,
202610021200,1.246,,0.900,-0.222,1.924,0.900,1.924,1.000,2.024
202610021206,1.220,,,,,,,,
202610021212,1.193,,,,,,,,
202610021218,1.167,,,,,,,,
202610021224,1.141,,,,,,,,
202610021230,1.114,,,,,,,,
202610021236,1.088,,,,,,,,
202610021242,1.061,,,,,,,,
202610021248,1.035,,,,,,,,
202610021254,1.008,,,,,,,,
202610021300,0.982,,0.900,-0.222,1.660,0.800,1.560,0.900,1.660
202610021306,0.955,,,,,,,,
202610021312,0.929,,,,,,,,
202610021318,0.903,,,,,,,,
202610021324,0.877,,,,,,,,
202610021330,0.851,,,,,,,,
202610021336,0.825,,,,,,,,
202610021342,0.799,,,,,,,,
202610021348,0.774,,,,,,,,
202610021354,0.748,,,,,,,,
202610021400,0.723,,0.900,-0.222,1.401,0.800,1.301,0.900,1.401
202610021406,0.698,,,,,,,,
202610021412,0.674,,,,,,,,
202610021418,0.650,,,,,,,,
202610021424,0.626,,,,,,,,
202610021430,0.602,,,,,,,,
202610021436,0.579,,,,,,,,
202610021442,0.556,,,,,,,,
202610021448,0.534,,,,,,,,
202610021454,0.512,,,,,,,,
202610021500,0.491,,0.900,-0.222,1.169,0.800,1.069,0.900,1.169
202610021506,0.470,,,,,,,,
202610021512,0.449,,,,,,,,
202610021518,0.429,,,,,,,,
202610021524,0.410,,,,,,,,
202610021530,0.391,,,,,,,,
202610021536,0.373,,,,,,,,
202610021542,0.355,,,,,,,,
202610021548,0.338,,,,,,,,
202610021554,0.322,,,,,,,,
202610021600,0.306,,0.800,-0.222,0.884,0.800,0.884,0.900,0.984
202610021606,0.290,,,,,,,,
202610021612,0.276,,,,,,,,
202610021618,0.262,,,,,,,,
202610021624,0.248,,,,,,,,
202610021630,0.235,,,,,,,,
202610021636,0.223,,,,,,,,
202610021642,0.211,,,,,,,,
202610021648,0.200,,,,,,,,
202610021654,0.190,,,,,,,,
202610021700,0.180,,0.800,-0.222,0.758,0.800,0.758,0.900,0.858
202610021706,0.171,,,,,,,,
202610021712,0.162,,,,,,,,
202610021718,0.154,,,,,,,,
202610021724,0.146,,,,,,,,
202610021730,0.139,,,,,,,,
202610021736,0.133,,,,,,,,
202610021742,0.127,,,,,,,,
202610021748,0.122,,,,,,,,
202610021754,0.118,,,,,,,,
202610021800,0.114,,0.800,-0.222,0.692,0.800,0.692,0.900,0.792
202610021806,0.111,,,,,,,,
202610021812,0.108,,,,,,,,
202610021818,0.106,,,,,,,,
202610021824,0.105,,,,,,,,
202610021830,0.104,,,,,,,,
202610021836,0.104,,,,,,,,
202610021842,0.105,,,,,,,,
202610021848,0.107,,,,,,,,
202610021854,0.109,,,,,,,,
202610021900,0.112,,0.900,-0.222,0.790,0.800,0.690,1.000,0.890
202610021906,0.115,,,,,,,,
202610021912,0.120,,,,,,,,
202610021918,0.125,,,,,,,,
202610021924,0.130,,,,,,,,
202610021930,0.137,,,,,,,,
202610021936,0.144,,,,,,,,
202610021942,0.152,,,,,,,,
202610021948,0.161,,,,,,,,
202610021954,0.170,,,,,,,,
202610022000,0.180,,0.900,-0.222,0.858,0.800,0.758,1.000,0.958
202610022006,0.191,,,,,,,,
202610022012,0.202,,,,,,,,
202610022018,0.214,,,,,,,,
202610022024,0.226,,,,,,,,
202610022030,0.239,,,,,,,,
202610022036,0.253,,,,,,,,
202610022042,0.267,,,,,,,,
202610022048,0.282,,,,,,,,
202610022054,0.297,,,,,,,,
202610022100,0.313,,0.900,-0.222,0.991,0.800,0.891,1.000,1.091
202610022106,0.329,,,,,,,,
202610022112,0.346,,,,,,,,
202610022118,0.363,,,,,,,,
202610022124,0.380,,,,,,,,
202610022130,0.398,,,,,,,,
202610022136,0.416,,,,,,,,
202610022142,0.435,,,,,,,,
202610022148,0.453,,,,,,,,
202610022154,0.472,,,,,,,,
202610022200,0.492,,0.900,-0.222,1.170,0.800,1.070,1.000,1.270
202610022206,0.511,,,,,,,,
202610022212,0.531,,,,,,,,
202610022218,0.551,,,,,,,,
202610022224,0.571,,,,,,,,
202610022230,0.592,,,,,,,,
202610022236,0.612,,,,,,,,
202610022242,0.633,,,,,,,,
202610022248,0.654,,,,,,,,
202610022254,0.675,,,,,,,,
202610022300,0.697,,0.900,-0.222,1.375,0.900,1.375,1.000,1.475
202610022306,0.718,,,,,,,,
202610022312,0.740,,,,,,,,
202610022318,0.762,,,,,,,,
202610022324,0.784,,,,,,,,
202610022330,0.806,,,,,,,,
202610022336,0.828,,,,,,,,
202610022342,0.850,,,,,,,,
202610022348,0.873,,,,,,,,
202610022354,0.895,,,,,,,,
202610030000,0.918,,1.000,-0.222,1.696,0.900,1.596,1.000,1.696
202610030006,0.941,,,,,,,,
202610030012,0.964,,,,,,,,
202610030018,0.987,,,,,,,,
202610030024,1.009,,,,,,,,
202610030030,1.032,,,,,,,,
202610030036,1.055,,,,,,,,
202610030042,1.078,,,,,,,,
202610030048,1.101,,,,,,,,
202610030054,1.124,,,,,,,,
202610030100,1.146,,0.900,-0.222,1.824,0.800,1.724,1.000,1.924
202610030106,1.169,,,,,,,,
202610030112,1.191,,,,,,,,
202610030118,1.214,,,,,,,,
202610030124,1.236,,,,,,,,
202610030130,1.258,,,,,,,,
202610030136,1.280,,,,,,,,
202610030142,1.301,,,,,,,,
202610030148,1.323,,,,,,,,
202610030154,1.344,,,,,,,,
202610030200,1.365,,0.900,-0.222,2.043,0.800,1.943,1.000,2.143
202610030206,1.386,,,,,,,,
202610030212,1.406,,,,,,,,
202610030218,1.426,,,,,,,,
202610030224,1.446,,,,,,,,
202610030230,1.466,,,,,,,,
202610030236,1.486,,,,,,,,
202610030242,1.505,,,,,,,,
202610030248,1.524,,,,,,,,
202610030254,1.543,,,,,,,,
202610030300,1.562,,0.900,-0.222,2.240,0.900,2.240,1.000,2.340
202610030306,1.580,,,,,,,,
202610030312,1.598,,,,,,,,
202610030318,1.616,,,,,,,,
202610030324,1.634,,,,,,,,
202610030330,1.651,,,,,,,,
202610030336,1.668,,,,,,,,
202610030342,1.685,,,,,,,,
202610030348,1.702,,,,,,,,
202610030354,1.718,,,,,,,,
202610030400,1.735,,0.900,-0.222,2.413,0.900,2.413,1.000,2.513
202610030406,1.751,,,,,,,,
202610030412,1.766,,,,,,,,
202610030418,1.782,,,,,,,,
202610030424,1.797,,,,,,,,
202610030430,1.811,,,,,,,,
202610030436,1.826,,,,,,,,
202610030442,1.840,,,,,,,,
202610030448,1.854,,,,,,,,
202610030454,1.867,,,,,,,,
202610030500,1.880,,0.900,-0.222,2.558,0.800,2.458,1.000,2.658
202610030506,1.892,,,,,,,,
202610030512,1.904,,,,,,,,
202610030518,1.916,,,,,,,,
202610030524,1.927,,,,,,,,
202610030530,1.938,,,,,,,,
202610030536,1.948,,,,,,,,
202610030542,1.958,,,,,,,,
202610030548,1.967,,,,,,,,
202610030554,1.976,,,,,,,,
202610030600,1.984,,0.900,-0.222,2.662,0.800,2.562,1.000,2.762
202610030606,1.992,,,,,,,,
202610030612,1.999,,,,,,,,
202610030618,2.006,,,,,,,,
202610030624,2.012,,,,,,,,
202610030630,2.018,,,,,,,,
202610030636,2.023,,,,,,,,
202610030642,2.027,,,,,,,,
202610030648,2.031,,,,,,,,
202610030654,2.035,,,,,,,,
202610030700,2.038,,1.000,-0.222,2.816,0.900,2.716,1.100,2.916
202610030706,2.040,,,,,,,,
202610030712,2.042,,,,,,,,
202610030718,2.044,,,,,,,,
202610030724,2.045,,,,,,,,
202610030730,2.045,,,,,,,,
202610030736,2.045,,,,,,,,
202610030742,2.045,,,,,,,,
202610030748,2.044,,,,,,,,
202610030754,2.043,,,,,,,,
202610030800,2.041,,1.000,-0.222,2.819,0.900,2.719,1.100,2.919
202610030806,2.039,,,,,,,,
202610030812,2.037,,,,,,,,
202610030818,2.033,,,,,,,,
202610030824,2.030,,,,,,,,
202610030830,2.026,,,,,,,,
202610030836,2.021,,,,,,,,
202610030842,2.016,,,,,,,,
202610030848,2.011,,,,,,,,
202610030854,2.005,,,,,,,,
202610030900,1.998,,1.000,-0.222,2.776,0.900,2.676,1.100,2.876
202610030906,1.991,,,,,,,,
202610030912,1.984,,,,,,,,
202610030918,1.976,,,,,,,,
202610030924,1.967,,,,,,,,
202610030930,1.958,,,,,,,,
202610030936,1.948,,,,,,,,
202610030942,1.938,,,,,,,,
202610030948,1.927,,,,,,,,
202610030954,1.915,,,,,,,,
202610031000,1.903,,1.000,-0.222,2.681,0.900,2.581,1.100,2.781
202610031006,1.891,,,,,,,,
202610031012,1.877,,,,,,,,
202610031018,1.863,,,,,,,,
202610031024,1.849,,,,,,,,
202610031030,1.834,,,,,,,,
202610031036,1.818,,,,,,,,
202610031042,1.802,,,,,,,,
202610031048,1.785,,,,,,,,
202610031054,1.767,,,,,,,,
202610031100,1.750,,1.000,-0.222,2.528,0.900,2.428,1.200,2.728
202610031106,1.731,,,,,,,,
202610031112,1.712,,,,,,,,
202610031118,1.693,,,,,,,,
202610031124,1.673,,,,,,,,
202610031130,1.652,,,,,,,,
202610031136,1.632,,,,,,,,
202610031142,1.610,,,,,,,,
202610031148,1.589,,,,,,,,
202610031154,1.567,,,,,,,,
202610031200,1.544,,1.000,-0.222,2.322,0.900,2.222,1.200,2.522
202610031206,1.522,,,,,,,,
202610031212,1.499,,,,,,,,
202610031218,1.475,,,,,,,,
202610031224,1.452,,,,,,,,
202610031230,1.428,,,,,,,,
202610031236,1.404,,,,,,,,
202610031242,1.379,,,,,,,,
202610031248,1.354,,,,,,,,
202610031254,1.330,,,,,,,,
202610031300,1.305,,1.000,-0.222,2.083,0.900,1.983,1.100,2.183
202610031306,1.279,,,,,,,,
202610031312,1.254,,,,,,,,
202610031318,1.228,,,,,,,,
202610031324,1.203,,,,,,,,
202610031330,1.177,,,,,,,,
202610031336,1.151,,,,,,,,
202610031342,1.125,,,,,,,,
202610031348,1.098,,,,,,,,
202610031354,1.072,,,,,,,,
202610031400,1.046,,1.000,-0.222,1.824,0.800,1.624,1.100,1.924
202610031406,1.019,,,,,,,,
202610031412,0.993,,,,,,,,
202610031418,0.967,,,,,,,,
202610031424,0.940,,,,,,,,
202610031430,0.914,,,,,,,,
202610031436,0.888,,,,,,,,
202610031442,0.862,,,,,,,,
202610031448,0.836,,,,,,,,
202610031454,0.810,,,,,,,,
202610031500,0.785,,0.900,-0.222,1.463,0.800,1.363,1.000,1.563
202610031506,0.759,,,,,,,,
202610031512,0.734,,,,,,,,
202610031518,0.709,,,,,,,,
202610031524,0.685,,,,,,,,
202610031530,0.661,,,,,,,,
202610031536,0.637,,,,,,,,
202610031542,0.614,,,,,,,,
202610031548,0.591,,,,,,,,
202610031554,0.568,,,,,,,,
202610031600,0.546,,0.900,-0.222,1.224,0.800,1.124,1.000,1.324
202610031606,0.525,,,,,,,,
202610031612,0.503,,,,,,,,
202610031618,0.483,,,,,,,,
202610031624,0.463,,,,,,,,
202610031630,0.443,,,,,,,,
202610031636,0.424,,,,,,,,
202610031642,0.406,,,,,,,,
202610031648,0.388,,,,,,,,
202610031654,0.371,,,,,,,,
202610031700,0.354,,0.900,-0.222,1.032,0.800,0.932,1.100,1.232
202610031706,0.338,,,,,,,,
202610031712,0.323,,,,,,,,
202610031718,0.308,,,,,,,,
202610031724,0.293,,,,,,,,
202610031730,0.279,,,,,,,,
202610031736,0.266,,,,,,,,
202610031742,0.253,,,,,,,,
202610031748,0.241,,,,,,,,
202610031754,0.230,,,,,,,,
202610031800,0.219,,0.900,-0.222,0.897,0.800,0.797,1.100,1.097
202610031806,0.208,,,,,,,,
202610031812,0.198,,,,,,,,
202610031818,0.189,,,,,,,,
202610031824,0.180,,,,,,,,
202610031830,0.172,,,,,,,,
202610031836,0.164,,,,,,,,
202610031842,0.157,,,,,,,,
202610031848,0.150,,,,,,,,
202610031854,0.144,,,,,,,,
202610031900,0.139,,0.900,-0.222,0.817,0.800,0.717,1.100,1.017
202610031906,0.134,,,,,,,,
202610031912,0.130,,,,,,,,
202610031918,0.126,,,,,,,,
202610031924,0.123,,,,,,,,
202610031930,0.121,,,,,,,,
202610031936,0.119,,,,,,,,
202610031942,0.118,,,,,,,,
202610031948,0.118,,,,,,,,
202610031954,0.119,,,,,,,,
202610032000,0.120,,0.900,-0.222,0.798,0.800,0.698,1.000,0.898
202610032006,0.122,,,,,,,,
202610032012,0.124,,,,,,,,
202610032018,0.128,,,,,,,,
202610032024,0.132,,,,,,,,
202610032030,0.137,,,,,,,,
202610032036,0.142,,,,,,,,
202610032042,0.149,,,,,,,,
202610032048,0.156,,,,,,,,
202610032054,0.164,,,,,,,,
202610032100,0.172,,0.900,-0.222,0.850,0.800,0.750,1.000,0.950
202610032106,0.181,,,,,,,,
202610032112,0.191,,,,,,,,
202610032118,0.202,,,,,,,,
202610032124,0.213,,,,,,,,
202610032130,0.225,,,,,,,,
202610032136,0.238,,,,,,,,
202610032142,0.251,,,,,,,,
202610032148,0.264,,,,,,,,
202610032154,0.279,,,,,,,,
202610032200,0.293,,0.900,-0.222,0.971,0.800,0.871,1.000,1.071
202610032206,0.309,,,,,,,,
202610032212,0.325,,,,,,,,
202610032218,0.341,,,,,,,,
202610032224,0.357,,,,,,,,
202610032230,0.375,,,,,,,,
202610032236,0.392,,,,,,,,
202610032242,0.410,,,,,,,,
202610032248,0.428,,,,,,,,
202610032254,0.447,,,,,,,,
202610032300,0.466,,0.900,-0.222,1.144,0.800,1.044,1.100,1.344
202610032306,0.485,,,,,,,,
202610032312,0.505,,,,,,,,
202610032318,0.524,,,,,,,,
202610032324,0.544,,,,,,,,
202610032330,0.565,,,,,,,,
202610032336,0.585,,,,,,,,
202610032342,0.606,,,,,,,,
202610032348,0.627,,,,,,,,
202610032354,0.648,,,,,,,,
202610040000,0.670,,0.900,-0.222,1.348,0.800,1.248,1.100,1.548
202610040006,0.691,,,,,,,,
202610040012,0.713,,,,,,,,
202610040018,0.735,,,,,,,,
202610040024,0.757,,,,,,,,
202610040030,0.779,,,,,,,,
202610040036,0.801,,,,,,,,
202610040042,0.824,,,,,,,,
202610040048,0.846,,,,,,,,
202610040054,0.869,,,,,,,,
202610040100,0.891,,0.900,-0.222,1.569,0.800,1.469,1.100,1.769
202610040106,0.914,,,,,,,,
202610040112,0.936,,,,,,,,
202610040118,0.959,,,,,,,,
202610040124,0.981,,,,,,,,
202610040130,1.004,,,,,,,,
202610040136,1.026,,,,,,,,
202610040142,1.048,,,,,,,,
202610040148,1.071,,,,,,,,
202610040154,1.093,,,,,,,,
202610040200,1.115,,0.900,-0.222,1.793,0.800,1.693,1.100,1.993
202610040206,1.136,,,,,,,,
202610040212,1.158,,,,,,,,
202610040218,1.179,,,,,,,,
202610040224,1.201,,,,,,,,
202610040230,1.222,,,,,,,,
202610040236,1.242,,,,,,,,
202610040242,1.263,,,,,,,,
202610040248,1.283,,,,,,,,
202610040254,1.304,,,,,,,,
202610040300,1.323,,0.900,-0.222,2.001,0.800,1.901,1.000,2.101
202610040306,1.343,,,,,,,,
202610040312,1.363,,,,,,,,
202610040318,1.382,,,,,,,,
202610040324,1.401,,,,,,,,
202610040330,1.420,,,,,,,,
202610040336,1.439,,,,,,,,
202610040342,1.457,,,,,,,,
202610040348,1.475,,,,,,,,
202610040354,1.493,,,,,,,,
202610040400,1.511,,0.900,-0.222,2.189,0.800,2.089,1.000,2.289
202610040406,1.529,,,,,,,,
202610040412,1.546,,,,,,,,
202610040418,1.564,,,,,,,,
202610040424,1.581,,,,,,,,
202610040430,1.598,,,,,,,,
202610040436,1.615,,,,,,,,
202610040442,1.631,,,,,,,,
202610040448,1.648,,,,,,,,
202610040454,1.664,,,,,,,,
202610040500,1.680,,0.900,-0.222,2.358,0.800,2.258,1.000,2.458
202610040506,1.695,,,,,,,,
202610040512,1.711,,,,,,,,
202610040518,1.726,,,,,,,,
202610040524,1.741,,,,,,,,
202610040530,1.756,,,,,,,,
202610040536,1.770,,,,,,,,
202610040542,1.784,,,,,,,,
202610040548,1.798,,,,,,,,
202610040554,1.811,,,,,,,,
202610040600,1.824,,0.900,-0.222,2.502,0.700,2.302,1.000,2.602
202610040606,1.837,,,,,,,,
202610040612,1.849,,,,,,,,
202610040618,1.860,,,,,,,,
202610040624,1.872,,,,,,,,
202610040630,1.882,,,,,,,,
202610040636,1.893,,,,,,,,
202610040642,1.902,,,,,,,,
202610040648,1.912,,,,,,,,
202610040654,1.920,,,,,,,,
202610040700,1.928,,0.900,-0.222,2.606,0.800,2.506,1.000,2.706
202610040706,1.936,,,,,,,,
202610040712,1.943,,,,,,,,
202610040718,1.950,,,,,,,,
202610040724,1.956,,,,,,,,
202610040730,1.962,,,,,,,,
202610040736,1.967,,,,,,,,
202610040742,1.971,,,,,,,,
202610040748,1.976,,,,,,,,
202610040754,1.979,,,,,,,,
202610040800,1.982,,0.900,-0.222,2.660,0.800,2.560,1.000,2.760
202610040806,1.985,,,,,,,,
202610040812,1.987,,,,,,,,
202610040818,1.989,,,,,,,,
202610040824,1.991,,,,,,,,
202610040830,1.991,,,,,,,,
202610040836,1.992,,,,,,,,
202610040842,1.992,,,,,,,,
202610040848,1.992,,,,,,,,
202610040854,1.991,,,,,,,,
202610040900,1.990,,0.900,-0.222,2.668,0.800,2.568,1.000,2.768
202610040906,1.989,,,,,,,,
202610040912,1.987,,,,,,,,
202610040918,1.985,,,,,,,,
202610040924,1.982,,,,,,,,
202610040930,1.979,,,,,,,,
202610040936,1.975,,,,,,,,
202610040942,1.972,,,,,,,,
202610040948,1.967,,,,,,,,
202610040954,1.963,,,,,,,,
202610041000,1.957,,0.900,-0.222,2.635,0.800,2.535,1.000,2.735
202610041006,1.952,,,,,,,,
202610041012,1.946,,,,,,,,
202610041018,1.939,,,,,,,,
202610041024,1.932,,,,,,,,
202610041030,1.925,,,,,,,,
202610041036,1.917,,,,,,,,
202610041042,1.908,,,,,,,,
202610041048,1.899,,,,,,,,
202610041054,1.890,,,,,,,,
202610041100,1.879,,0.900,-0.222,2.557,0.800,2.457,1.000,2.657
202610041106,1.869,,,,,,,,
202610041112,1.858,,,,,,,,
202610041118,1.846,,,,,,,,
202610041124,1.833,,,,,,,,
202610041130,1.821,,,,,,,,
202610041136,1.807,,,,,,,,
202610041142,1.793,,,,,,,,
202610041148,1.779,,,,,,,,
202610041154,1.764,,,,,,,,
202610041200,1.748,,0.900,-0.222,2.426,0.800,2.326,1.000,2.526
202610041206,1.733,,,,,,,,
202610041212,1.716,,,,,,,,
202610041218,1.699,,,,,,,,
202610041224,1.682,,,,,,,,
202610041230,1.664,,,,,,,,
202610041236,1.646,,,,,,,,
202610041242,1.627,,,,,,,,
202610041248,1.608,,,,,,,,
202610041254,1.588,,,,,,,,
202610041300,1.568,,0.900,-0.222,2.246,0.800,2.146,1.000,2.346
202610041306,1.548,,,,,,,,
202610041312,1.527,,,,,,,,
202610041318,1.506,,,,,,,,
202610041324,1.484,,,,,,,,
202610041330,1.463,,,,,,,,
202610041336,1.441,,,,,,,,
202610041342,1.418,,,,,,,,
202610041348,1.395,,,,,,,,
202610041354,1.372,,,,,,,,
202610041400,1.349,,0.800,-0.222,1.927,0.700,1.827,1.000,2.127
202610041406,1.326,,,,,,,,
202610041412,1.302,,,,,,,,
202610041418,1.278,,,,,,,,
202610041424,1.254,,,,,,,,
202610041430,1.229,,,,,,,,
202610041436,1.205,,,,,,,,
202610041442,1.180,,,,,,,,
202610041448,1.155,,,,,,,,
202610041454,1.130,,,,,,,,
202610041500,1.105,,0.800,-0.222,1.683,0.700,1.583,0.900,1.783
202610041506,1.080,,,,,,,,
202610041512,1.054,,,,,,,,
202610041518,1.029,,,,,,,,
202610041524,1.004,,,,,,,,
202610041530,0.979,,,,,,,,
202610041536,0.953,,,,,,,,
202610041542,0.928,,,,,,,,
202610041548,0.903,,,,,,,,
202610041554,0.879,,,,,,,,
202610041600,0.854,,0.800,-0.222,1.432,0.700,1.332,0.900,1.532
202610041606,0.830,,,,,,,,
202610041612,0.806,,,,,,,,
202610041618,0.782,,,,,,,,
202610041624,0.758,,,,,,,,
202610041630,0.735,,,,,,,,
202610041636,0.712,,,,,,,,
202610041642,0.690,,,,,,,,
202610041648,0.668,,,,,,,,
202610041654,0.646,,,,,,,,
202610041700,0.625,,0.800,-0.222,1.203,0.700,1.103,0.900,1.303
202610041706,0.604,,,,,,,,
202610041712,0.584,,,,,,,,
202610041718,0.564,,,,,,,,
202610041724,0.545,,,,,,,,
202610041730,0.526,,,,,,,,
202610041736,0.508,,,,,,,,
202610041742,0.490,,,,,,,,
202610041748,0.473,,,,,,,,
202610041754,0.456,,,,,,,,
202610041800,0.440,,0.800,-0.222,1.018,0.700,0.918,0.900,1.118
202610041806,0.424,,,,,,,,
202610041812,0.409,,,,,,,,
202610041818,0.394,,,,,,,,
202610041824,0.380,,,,,,,,
202610041830,0.366,,,,,,,,
202610041836,0.353,,,,,,,,
202610041842,0.340,,,,,,,,
202610041848,0.328,,,,,,,,
202610041854,0.316,,,,,,,,
202610041900,0.304,,0.800,-0.222,0.882,0.700,0.782,0.900,0.982
202610041906,0.293,,,,,,,,
202610041912,0.283,,,,,,,,
202610041918,0.273,,,,,,,,
202610041924,0.263,,,,,,,,
202610041930,0.254,,,,,,,,
202610041936,0.246,,,,,,,,
202610041942,0.237,,,,,,,,
202610041948,0.230,,,,,,,,
202610041954,0.223,,,,,,,,
202610042000,0.217,,0.800,-0.222,0.795,0.700,0.695,0.900,0.895
202610042006,0.211,,,,,,,,
202610042012,0.205,,,,,,,,
202610042018,0.201,,,,,,,,
202610042024,0.197,,,,,,,,
202610042030,0.193,,,,,,,,
202610042036,0.191,,,,,,,,
202610042042,0.189,,,,,,,,
202610042048,0.187,,,,,,,,
202610042054,0.187,,,,,,,,
202610042100,0.187,,0.800,-0.222,0.765,0.700,0.665,0.900,0.865
202610042106,0.187,,,,,,,,
202610042112,0.189,,,,,,,,
202610042118,0.191,,,,,,,,
202610042124,0.194,,,,,,,,
202610042130,0.198,,,,,,,,
202610042136,0.203,,,,,,,,
202610042142,0.208,,,,,,,,
202610042148,0.214,,,,,,,,
202610042154,0.221,,,,,,,,
202610042200,0.229,,0.800,-0.222,0.807,0.700,0.707,0.900,0.907
202610042206,0.237,,,,,,,,
202610042212,0.246,,,,,,,,
202610042218,0.256,,,,,,,,
202610042224,0.266,,,,,,,,
202610042230,0.277,,,,,,,,
202610042236,0.289,,,,,,,,
202610042242,0.301,,,,,,,,
202610042248,0.314,,,,,,,,
202610042254,0.327,,,,,,,,
202610042300,0.341,,0.800,-0.222,0.919,0.700,0.819,0.900,1.019
202610042306,0.355,,,,,,,,
202610042312,0.370,,,,,,,,
202610042318,0.386,,,,,,,,
202610042324,0.402,,,,,,,,
202610042330,0.418,,,,,,,,
202610042336,0.434,,,,,,,,
202610042342,0.451,,,,,,,,
202610042348,0.469,,,,,,,,
202610042354,0.486,,,,,,,,
202610050000,0.504,,0.800,-0.222,1.082,0.700,0.982,0.900,1.182
202610050006,0.523,,,,,,,,
202610050012,0.541,,,,,,,,
202610050018,0.560,,,,,,,,
202610050024,0.579,,,,,,,,
202610050030,0.598,,,,,,,,
202610050036,0.617,,,,,,,,
202610050042,0.637,,,,,,,,
202610050048,0.657,,,,,,,,
202610050054,0.676,,,,,,,,
202610050100,0.696,,0.700,-0.222,1.174,0.700,1.174,0.800,1.274
202610050106,0.716,,,,,,,,
202610050112,0.737,,,,,,,,
202610050118,0.757,,,,,,,,
202610050124,0.777,,,,,,,,
202610050130,0.798,,,,,,,,
202610050136,0.818,,,,,,,,
202610050142,0.838,,,,,,,,
202610050148,0.859,,,,,,,,
202610050154,0.879,,,,,,,,
202610050200,0.899,,0.800,-0.222,1.477,0.700,1.377,0.800,1.477
202610050206,0.920,,,,,,,,
202610050212,0.940,,,,,,,,
202610050218,0.960,,,,,,,,
202610050224,0.980,,,,,,,,
202610050230,1.000,,,,,,,,
202610050236,1.020,,,,,,,,
202610050242,1.039,,,,,,,,
202610050248,1.059,,,,,,,,
202610050254,1.078,,,,,,,,
202610050300,1.097,,0.700,-0.222,1.575,0.700,1.575,0.800,1.675
202610050306,1.116,,,,,,,,
202610050312,1.135,,,,,,,,
202610050318,1.153,,,,,,,,
202610050324,1.172,,,,,,,,
202610050330,1.190,,,,,,,,
202610050336,1.208,,,,,,,,
202610050342,1.226,,,,,,,,
202610050348,1.243,,,,,,,,
202610050354,1.261,,,,,,,,
202610050400,1.278,,0.800,-0.222,1.856,0.700,1.756,0.800,1.856
202610050406,1.295,,,,,,,,
202610050412,1.312,,,,,,,,
202610050418,1.328,,,,,,,,
202610050424,1.345,,,,,,,,
202610050430,1.361,,,,,,,,
202610050436,1.377,,,,,,,,
202610050442,1.394,,,,,,,,
202610050448,1.410,,,,,,,,
202610050454,1.425,,,,,,,,
202610050500,1.441,,0.700,-0.222,1.919,0.600,1.819,0.800,2.019
202610050506,1.457,,,,,,,,
202610050512,1.472,,,,,,,,
202610050518,1.488,,,,,,,,
202610050524,1.503,,,,,,,,
202610050530,1.518,,,,,,,,
202610050536,1.533,,,,,,,,
202610050542,1.548,,,,,,,,
202610050548,1.562,,,,,,,,
202610050554,1.577,,,,,,,,
202610050600,1.591,,0.700,-0.222,2.069,0.600,1.969,0.800,2.169
202610050606,1.605,,,,,,,,
202610050612,1.619,,,,,,,,
202610050618,1.633,,,,,,,,
202610050624,1.646,,,,,,,,
202610050630,1.660,,,,,,,,
202610050636,1.672,,,,,,,,
202610050642,1.685,,,,,,,,
202610050648,1.697,,,,,,,,
202610050654,1.709,,,,,,,,
202610050700,1.721,,0.800,-0.222,2.299,0.700,2.199,0.900,2.399
202610050706,1.732,,,,,,,,
202610050712,1.743,,,,,,,,
202610050718,1.753,,,,,,,,
202610050724,1.763,,,,,,,,
202610050730,1.772,,,,,,,,
202610050736,1.781,,,,,,,,
202610050742,1.790,,,,,,,,
202610050748,1.798,,,,,,,,
202610050754,1.805,,,,,,,,
202610050800,1.812,,0.800,-0.222,2.390,0.700,2.290,0.900,2.490
202610050806,1.819,,,,,,,,
202610050812,1.825,,,,,,,,
202610050818,1.831,,,,,,,,
202610050824,1.836,,,,,,,,
202610050830,1.841,,,,,,,,
202610050836,1.846,,,,,,,,
202610050842,1.850,,,,,,,,
202610050848,1.853,,,,,,,,
202610050854,1.857,,,,,,,,
202610050900,1.859,,0.800,-0.222,2.437,0.700,2.337,0.900,2.537
202610050906,1.862,,,,,,,,
202610050912,1.864,,,,,,,,
202610050918,1.866,,,,,,,,
202610050924,1.868,,,,,,,,
202610050930,1.869,,,,,,,,
202610050936,1.870,,,,,,,,
202610050942,1.871,,,,,,,,
202610050948,1.871,,,,,,,,
202610050954,1.871,,,,,,,,
202610051000,1.871,,0.800,-0.222,2.449,0.700,2.349,0.900,2.549
202610051006,1.871,,,,,,,,
202610051012,1.870,,,,,,,,
202610051018,1.869,,,,,,,,
202610051024,1.868,,,,,,,,
202610051030,1.867,,,,,,,,
202610051036,1.865,,,,,,,,
202610051042,1.863,,,,,,,,
202610051048,1.860,,,,,,,,
202610051054,1.857,,,,,,,,
202610051100,1.854,,0.800,-0.222,2.432,0.700,2.332,0.900,2.532
202610051106,1.851,,,,,,,,
202610051112,1.847,,,,,,,,
202610051118,1.843,,,,,,,,
202610051124,1.838,,,,,,,,
202610051130,1.833,,,,,,,,
202610051136,1.827,,,,,,,,
202610051142,1.821,,,,,,,,
202610051148,1.815,,,,,,,,
202610051154,1.808,,,,,,,,
202610051200,1.801,,0.800,-0.222,2.379,0.700,2.279,0.900,2.479
202610051206,1.793,,,,,,,,
202610051212,1.785,,,,,,,,
202610051218,1.776,,,,,,,,
202610051224,1.766,,,,,,,,
202610051230,1.757,,,,,,,,
202610051236,1.746,,,,,,,,
202610051242,1.735,,,,,,,,
202610051248,1.724,,,,,,,,
202610051254,1.712,,,,,,,,
202610051300,1.700,,0.700,-0.222,2.178,0.700,2.178,0.800,2.278
202610051306,1.687,,,,,,,,
202610051312,1.674,,,,,,,,
202610051318,1.660,,,,,,,,
202610051324,1.645,,,,,,,,
202610051330,1.631,,,,,,,,
202610051336,1.616,,,,,,,,
202610051342,1.600,,,,,,,,
202610051348,1.584,,,,,,,,
202610051354,1.567,,,,,,,,
202610051400,1.550,,0.700,-0.222,2.028,0.700,2.028,0.800,2.128
202610051406,1.533,,,,,,,,
202610051412,1.515,,,,,,,,
202610051418,1.497,,,,,,,,
202610051424,1.479,,,,,,,,
202610051430,1.460,,,,,,,,
202610051436,1.441,,,,,,,,
202610051442,1.421,,,,,,,,
202610051448,1.402,,,,,,,,
202610051454,1.382,,,,,,,,
202610051500,1.361,,0.700,-0.222,1.839,0.700,1.839,0.800,1.939
202610051506,1.340,,,,,,,,
202610051512,1.319,,,,,,,,
202610051518,1.298,,,,,,,,
202610051524,1.277,,,,,,,,
202610051530,1.255,,,,,,,,
202610051536,1.233,,,,,,,,
202610051542,1.211,,,,,,,,
202610051548,1.189,,,,,,,,
202610051554,1.167,,,,,,,,
202610051600,1.144,,0.700,-0.222,1.622,0.600,1.522,0.800,1.722
202610051606,1.122,,,,,,,,
202610051612,1.099,,,,,,,,
202610051618,1.077,,,,,,,,
202610051624,1.054,,,,,,,,
202610051630,1.032,,,,,,,,
202610051636,1.010,,,,,,,,
202610051642,0.987,,,,,,,,
202610051648,0.965,,,,,,,,
202610051654,0.943,,,,,,,,
202610051700,0.921,,0.700,-0.222,1.399,0.600,1.299,0.800,1.499
202610051706,0.900,,,,,,,,
202610051712,0.879,,,,,,,,
202610051718,0.858,,,,,,,,
202610051724,0.837,,,,,,,,
202610051730,0.816,,,,,,,,
202610051736,0.796,,,,,,,,
202610051742,0.777,,,,,,,,
202610051748,0.757,,,,,,,,
202610051754,0.738,,,,,,,,
202610051800,0.720,,0.700,-0.222,1.198,0.600,1.098,0.800,1.298
